BLEU,ROUGE-L,SBERT
0.0,0.0,0.13998794555664062
0.0,0.0,0.5601818561553955
0.0,0.0,0.2767527401447296
0.0,0.0,0.22160948812961578
0.0,0.0,0.2232859581708908
0.0,0.0,0.21852819621562958
0.0,0.0,0.5267435908317566
0.0,0.0,0.45622923970222473
0.0,0.0,0.3800477683544159
0.0,0.0,0.2668679356575012
0.0,0.0,0.3198939561843872
0.0,0.0,0.18110233545303345
0.0,0.0,0.17327356338500977
0.0,0.0,0.18198253214359283
0.0,0.0,0.24320462346076965
1.5319719891192393e-231,0.5,0.6339168548583984
6.702145341854094e-232,0.6666666666666666,0.5880186557769775
0.0,0.5,0.9093176126480103
0.0,0.0,0.29582467675209045
0.0,0.0,0.23899978399276733
0.0,0.0,0.3167916536331177
0.0,0.0,0.3764697313308716
0.0,0.0,0.25802814960479736
0.0,0.0,0.5038015246391296
1.5319719891192393e-231,0.5,0.8252127766609192
1.491668146240062e-154,1.0,1.0000003576278687
1.5319719891192393e-231,0.5,0.8003441691398621
1.5319719891192393e-231,0.5,0.5055834054946899
1.5319719891192393e-231,0.5,0.5205663442611694
1.5319719891192393e-231,0.5,0.623400092124939
0.0,0.0,0.6727699041366577
0.0,0.0,0.6386744976043701
0.0,0.0,0.5049712061882019
0.0,0.0,0.618702232837677
0.0,0.0,0.41570577025413513
0.0,0.0,0.4263342022895813
0.0,0.0,0.2353658825159073
0.0,0.0,0.19711948931217194
0.0,0.0,0.36301857233047485
1.384292958842266e-231,0.6666666666666666,0.6476815342903137
0.0,0.0,0.05299341306090355
0.0,0.0,0.1701701134443283
0.0,0.0,0.47877436876296997
0.0,0.0,0.1564035415649414
0.0,0.0,0.25969192385673523
0.0,0.0,0.3098829686641693
0.0,0.0,0.37029531598091125
0.0,0.0,0.2261303961277008
0.0,0.0,0.38488897681236267
0.0,0.0,0.32843297719955444
0.0,0.0,0.3283844590187073
0.0,0.0,0.3714122176170349
1.821831989445342e-231,1.0,0.9999998211860657
1.821831989445342e-231,1.0,1.0
0.0,0.0,0.41723692417144775
0.0,0.0,0.29551514983177185
1.384292958842266e-231,0.3333333333333333,0.43813446164131165
0.0,0.0,0.4019930362701416
0.0,0.0,0.30263376235961914
0.0,0.0,0.17675481736660004
0.0,0.0,0.29346925020217896
0.0,0.0,0.15122775733470917
0.0,0.0,0.12094046920537949
0.0,0.0,0.3014371693134308
0.0,0.0,0.377666711807251
0.0,0.0,0.20744748413562775
0.0,0.0,0.3178751766681671
0.0,0.0,0.4236103594303131
0.0,0.0,0.44805946946144104
0.0,0.0,0.16442546248435974
0.0,0.0,0.07667706906795502
0.0,0.0,0.2150530368089676
0.0,0.0,0.13775143027305603
0.0,0.0,0.627485990524292
0.0,0.0,0.5481809973716736
0.0,0.0,0.07286075502634048
0.0,0.0,0.21923603117465973
0.0,0.0,0.3487745523452759
0.0,0.0,0.3405151963233948
0.0,0.0,0.326140433549881
0.0,0.0,0.48999202251434326
0.0,0.0,0.22637486457824707
0.0,0.0,0.25863000750541687
1.5319719891192393e-231,0.5,0.5912629961967468
0.0,0.0,0.05283559858798981
0.0,0.0,0.31430333852767944
0.0,0.0,0.1868889480829239
0.0,0.0,0.03794100508093834
0.0,0.0,0.07409277558326721
0.0,0.0,0.23177559673786163
0.0,0.0,0.36361101269721985
1.821831989445342e-231,1.0,1.0000001192092896
0.0,0.0,0.39275380969047546
1.5319719891192393e-231,0.5,0.5198811888694763
1.5319719891192393e-231,0.5,0.6021713614463806
0.0,0.0,0.22449801862239838
0.0,0.0,0.5588555932044983
0.0,0.0,0.494782418012619
0.0,0.0,0.42344731092453003
0.0,0.0,0.2114928960800171
0.0,0.0,0.32612836360931396
0.0,0.0,0.11054898798465729
0.0,0.0,0.20471040904521942
0.0,0.0,0.08598904311656952
0.0,0.0,0.11980920284986496
0.0,0.0,0.13853105902671814
0.0,0.0,0.2206404209136963
0.0,0.0,0.24732822179794312
0.0,0.0,0.32415667176246643
0.0,0.0,0.3631570637226105
0.0,0.0,0.10345962643623352
0.0,0.0,0.3353498876094818
0.0,0.0,0.16533726453781128
0.0,0.0,0.3606533706188202
0.0,0.0,0.40133363008499146
0.0,0.0,0.2288931906223297
0.0,0.0,0.23909831047058105
0.0,0.0,0.4802771508693695
0.0,0.0,0.29166778922080994
0.0,0.0,0.07373589277267456
0.0,0.0,0.3261151909828186
0.0,0.0,0.35505586862564087
0.0,0.0,0.2501949369907379
1.5319719891192393e-231,0.5,0.5616893768310547
1.5319719891192393e-231,0.5,0.5957269072532654
0.0,0.0,0.15551041066646576
0.0,0.0,0.16285356879234314
0.0,0.0,0.17051701247692108
0.0,0.0,0.1505245715379715
1.5319719891192393e-231,0.5,0.6123912930488586
1.5319719891192393e-231,0.5,0.5634253621101379
1.5319719891192393e-231,0.5,0.5750047564506531
0.0,0.0,0.19346170127391815
0.0,0.0,0.21320819854736328
0.0,0.0,0.18306444585323334
0.0,0.0,0.2651025652885437
0.0,0.0,0.21840490400791168
0.0,0.0,0.05941329151391983
9.047424648113057e-155,0.8,0.7719019651412964
0.0,0.0,0.2308967411518097
1.5319719891192393e-231,0.5,0.4268079102039337
0.0,0.0,0.46172940731048584
0.0,0.0,0.34015074372291565
0.0,0.0,0.36507517099380493
0.0,0.0,0.37501561641693115
0.0,0.0,0.24207843840122223
1.821831989445342e-231,1.0,0.9999998211860657
1.5319719891192393e-231,0.5,0.674771249294281
0.0,0.0,0.3352711498737335
0.0,0.0,0.35649609565734863
0.0,0.0,0.31010597944259644
0.0,0.0,0.4502212107181549
0.0,0.0,0.21972692012786865
0.0,0.0,0.31200119853019714
0.0,0.0,0.2506539821624756
0.0,0.0,0.3622535169124603
0.0,0.0,0.2453812211751938
0.0,0.0,0.3645952343940735
0.0,0.0,0.2121172845363617
0.0,0.0,0.2750568389892578
0.0,0.0,0.3659838140010834
0.0,0.0,0.31468796730041504
0.0,0.0,0.21602746844291687
1.133422688662942e-154,0.6666666666666666,0.7942507266998291
1.384292958842266e-231,0.3333333333333333,0.33403074741363525
0.0,0.0,0.11673949658870697
0.0,0.0,0.1822759509086609
0.0,0.0,0.16847097873687744
0.0,0.0,0.159559428691864
0.0,0.0,0.1722480207681656
0.0,0.0,0.12257279455661774
1.5319719891192393e-231,0.5,0.4507843554019928
0.0,0.0,0.32061636447906494
0.0,0.0,0.24087516963481903
0.0,0.0,0.2723376154899597
0.0,0.0,0.1791878640651703
0.0,0.0,0.11408127844333649
0.0,0.0,0.22513677179813385
0.0,0.0,0.3192063868045807
0.0,0.0,0.16783259809017181
1.5319719891192393e-231,0.5,0.5376790761947632
1.5319719891192393e-231,0.5,0.6141442060470581
1.5319719891192393e-231,0.5,0.6501634120941162
0.0,0.0,0.7974250912666321
0.0,0.0,0.47066912055015564
0.0,0.0,0.35580480098724365
1.821831989445342e-231,1.0,0.9999998807907104
0.0,0.0,0.35346242785453796
0.0,0.0,0.35357725620269775
0.0,0.0,0.434527188539505
0.0,0.0,0.35112589597702026
0.0,0.0,0.33791443705558777
0.0,0.0,0.3397938311100006
0.0,0.0,0.1556158810853958
1.821831989445342e-231,1.0,0.9999999403953552
0.0,0.0,0.2566750943660736
0.0,0.0,0.32149457931518555
0.0,0.0,0.19196772575378418
1.821831989445342e-231,1.0,1.0
1.821831989445342e-231,1.0,0.9999998807907104
0.0,0.0,0.592890202999115
0.0,0.0,0.2528787851333618
0.0,0.0,0.11943408846855164
0.0,0.0,0.18762126564979553
0.0,0.0,0.21481125056743622
0.0,0.0,0.2380547821521759
0.0,0.0,0.24707932770252228
0.0,0.0,0.3028261959552765
0.0,0.0,0.18433868885040283
0.0,0.0,0.30819639563560486
0.0,0.0,0.20382864773273468
0.0,0.0,0.25989148020744324
0.0,0.0,0.17202720046043396
1.5319719891192393e-231,0.5,0.7463126182556152
0.0,0.0,0.22938688099384308
0.0,0.0,0.15175852179527283
0.0,0.0,0.2606205642223358
1.821831989445342e-231,1.0,1.0
1.821831989445342e-231,1.0,0.9999998807907104
0.0,0.0,0.17245252430438995
0.0,0.0,0.37984558939933777
0.0,0.0,0.22200262546539307
0.0,0.0,0.4476320147514343
0.0,0.0,0.3027486801147461
0.0,0.0,0.10433675348758698
0.0,0.0,0.36100703477859497
1.821831989445342e-231,1.0,1.0
0.0,0.6666666666666666,0.8091764450073242
0.0,0.0,0.1909533441066742
0.0,0.0,0.4806009531021118
0.0,0.0,0.4020768702030182
0.0,0.0,0.3855190575122833
0.0,0.0,0.41594332456588745
0.0,0.0,0.2626212537288666
0.0,0.0,0.2922918200492859
0.0,0.0,0.013192533515393734
0.0,0.0,0.17108523845672607
0.0,0.0,0.5238040685653687
1.491668146240062e-154,1.0,1.000000238418579
0.0,0.0,0.20694509148597717
0.0,0.0,0.3843124210834503
0.0,0.0,0.4008684456348419
0.0,0.0,0.17377310991287231
0.0,0.0,0.3000915050506592
0.0,0.0,0.23260357975959778
0.0,0.0,0.2665843665599823
1.821831989445342e-231,1.0,0.9999998807907104
0.0,0.0,0.4495149254798889
0.0,0.0,0.3576604425907135
0.0,0.0,0.40464627742767334
0.0,0.0,0.3477593958377838
0.0,0.0,0.365184485912323
1.5319719891192393e-231,0.5,0.5447084903717041
1.5319719891192393e-231,0.5,0.2814353406429291
1.5319719891192393e-231,0.5,0.4085027873516083
0.0,0.0,0.2005654126405716
0.0,0.0,0.4937672019004822
0.0,0.0,0.34134602546691895
0.0,0.0,0.38539832830429077
0.0,0.0,0.2130155861377716
0.0,1.0,0.9637994766235352
0.0,0.0,0.20103727281093597
0.0,0.0,0.3041003346443176
0.0,0.0,0.24416975677013397
0.0,0.0,0.3093896806240082
0.0,0.0,0.3640686273574829
0.0,0.0,0.2952297627925873
0.0,0.0,0.43070337176322937
0.0,0.0,0.1835150271654129
0.0,0.0,0.30572080612182617
0.0,0.0,0.3077631890773773
0.0,0.0,0.39332258701324463
0.0,0.0,0.42674747109413147
0.0,0.5,0.6222434639930725
0.0,0.0,0.422712117433548
0.0,0.5,0.5484828948974609
0.0,0.0,0.24478945136070251
0.0,0.0,0.3623727262020111
0.0,0.0,0.45183494687080383
0.0,0.0,0.4354546368122101
0.0,0.0,0.28986090421676636
0.0,0.0,0.05319192633032799
0.0,0.0,0.2402314394712448
0.0,0.0,0.4781174957752228
0.0,0.0,0.4116087555885315
1.384292958842266e-231,0.3333333333333333,0.353413462638855
1.133422688662942e-154,0.6666666666666666,0.6544196009635925
8.38826642100846e-155,0.5,0.602171003818512
0.0,0.0,0.22513750195503235
0.0,0.0,0.4783419072628021
0.0,0.0,0.2494247406721115
0.0,0.0,0.4288404881954193
0.0,0.0,0.2708910405635834
0.0,0.0,0.3812958896160126
1.5319719891192393e-231,0.5,0.5289395451545715
0.0,0.0,0.456180602312088
0.0,0.0,0.30133190751075745
0.0,0.0,0.39908939599990845
0.0,0.0,0.36528635025024414
0.0,0.0,0.24810491502285004
0.0,0.0,0.24908815324306488
0.0,0.0,0.1020365059375763
0.0,0.0,0.23919226229190826
0.0,0.0,0.023530958220362663
0.0,0.0,0.17227055132389069
0.0,0.0,0.24425670504570007
0.0,0.0,0.6945236921310425
0.0,0.0,0.585112452507019
0.0,0.0,0.318058580160141
0.0,0.0,0.138813316822052
0.0,0.0,0.201695516705513
0.0,0.0,0.3134288191795349
0.0,0.0,0.28109604120254517
0.0,0.0,0.2791469395160675
0.0,0.0,0.24256904423236847
0.0,0.0,0.4034428596496582
0.0,0.0,0.3257139325141907
0.0,0.0,0.3204663097858429
1.5319719891192393e-231,0.5,0.6253964900970459
1.5319719891192393e-231,0.5,0.6027670502662659
1.5319719891192393e-231,0.5,0.6494830846786499
0.0,0.0,0.23559847474098206
0.0,0.0,0.6412058472633362
0.0,0.0,0.28941234946250916
0.0,0.0,0.22436246275901794
0.0,0.0,0.2997460663318634
0.0,0.0,0.33484694361686707
0.0,0.0,0.14653566479682922
0.0,0.0,0.06823723018169403
0.0,0.0,0.13444575667381287
0.0,0.0,0.6122675538063049
0.0,0.0,0.1972547322511673
0.0,0.0,0.4274164140224457
0.0,0.0,0.6503753662109375
0.0,0.0,0.47118425369262695
0.0,0.0,0.17226649820804596
0.0,0.0,0.08586753159761429
1.491668146240062e-154,1.0,1.0
1.5319719891192393e-231,0.5,0.6240273714065552
0.0,0.0,0.13566388189792633
0.0,0.0,0.18444274365901947
0.0,0.0,0.2256135642528534
0.0,0.0,0.27864527702331543
0.0,0.0,0.15326014161109924
0.0,0.0,0.3215593993663788
0.0,0.0,0.3063913583755493
0.0,0.0,0.27510225772857666
0.0,0.0,0.21710258722305298
6.702145341854094e-232,0.6666666666666666,0.8335769176483154
0.0,0.0,0.18287403881549835
0.0,0.0,0.1591186821460724
0.0,0.0,0.37990638613700867
0.0,0.0,0.45527729392051697
1.821831989445342e-231,1.0,1.0
0.0,0.0,0.3484537899494171
0.0,0.0,0.5186949372291565
0.0,0.0,0.32621338963508606
0.0,0.0,0.3097803592681885
0.0,0.0,0.2579130232334137
0.0,0.0,0.259886234998703
0.0,0.0,0.3915694057941437
0.0,0.0,0.1720084398984909
0.0,0.0,0.14317771792411804
0.0,0.0,0.676943302154541
0.0,0.0,0.6825281381607056
0.0,0.0,0.29345259070396423
0.0,0.0,0.1267765462398529
0.0,0.0,0.09309785068035126
0.0,0.0,0.05870133265852928
0.0,0.0,0.4187978208065033
0.0,0.0,0.3714926540851593
0.0,0.0,0.27719980478286743
0.0,0.0,0.5326485633850098
0.0,0.0,0.38218191266059875
0.0,0.0,0.3045447766780853
0.0,0.0,0.23755861818790436
0.0,0.0,0.40393510460853577
0.0,0.0,0.3383810222148895
0.0,0.0,0.3817359507083893
0.0,0.0,0.5247741937637329
0.0,0.0,0.4104127585887909
0.0,0.0,0.13350529968738556
0.0,0.0,0.2200903445482254
0.0,0.0,0.2699112594127655
0.0,0.5,0.4534779191017151
1.5319719891192393e-231,0.5,0.4174105226993561
1.5319719891192393e-231,0.5,0.4099082946777344
0.0,1.0,0.9364727139472961
0.0,0.0,0.4900827705860138
0.0,0.0,0.39111974835395813
0.0,0.0,0.29801061749458313
0.0,0.0,0.2760036885738373
0.0,0.0,0.220380038022995
0.0,0.0,0.12932492792606354
0.0,0.0,0.22595299780368805
0.0,0.0,0.20395708084106445
0.0,0.0,0.2497338205575943
0.0,0.0,0.3060764968395233
0.0,0.0,0.21448318660259247
0.0,0.0,0.30916827917099
0.0,0.0,0.4783359467983246
0.0,0.0,0.1774228811264038
0.0,0.0,0.22872911393642426
0.0,0.0,0.22971771657466888
0.0,0.0,0.27262142300605774
1.5319719891192393e-231,0.5,0.5874645709991455
0.0,0.0,0.35471776127815247
1.5319719891192393e-231,0.5,0.535062849521637
0.0,0.0,0.3929159343242645
0.0,0.0,0.47949355840682983
0.0,0.0,0.1957026571035385
0.0,0.0,0.1454322636127472
0.0,0.0,0.3051329553127289
0.0,0.0,0.1913311928510666
0.0,0.0,0.49995219707489014
0.0,0.0,0.5171757340431213
0.0,0.0,0.3615281283855438
0.0,0.0,0.29983434081077576
0.0,0.0,0.3286277651786804
0.0,0.0,0.37332385778427124
0.0,0.0,0.4627450704574585
0.0,0.0,0.32961902022361755
0.0,0.0,0.5260524153709412
0.0,0.0,0.3495940864086151
0.0,0.0,0.3803355395793915
0.0,0.0,0.2975846827030182
0.0,0.0,0.5055084824562073
0.0,0.0,0.33905085921287537
0.0,0.0,0.30846840143203735
0.0,0.0,0.33417758345603943
0.0,0.0,0.3098903000354767
1.384292958842266e-231,0.4,0.5151181221008301
0.0,0.0,0.1300489902496338
0.0,0.0,0.29042282700538635
0.0,0.0,0.2688121497631073
0.0,0.0,0.16493120789527893
0.0,0.0,0.18847616016864777
0.0,0.0,0.21720801293849945
0.0,0.0,0.25908979773521423
0.0,0.0,0.3551146984100342
0.0,0.0,0.2234000414609909
0.0,0.0,0.2843596339225769
0.0,1.0,0.8061844110488892
0.0,0.0,0.19770851731300354
1.5319719891192393e-231,0.5,0.6407334804534912
1.5319719891192393e-231,0.5,0.6292430758476257
1.5319719891192393e-231,0.5,0.6823776364326477
0.0,0.0,0.11210209876298904
0.0,0.0,0.24433478713035583
0.0,0.0,0.29017671942710876
0.0,0.0,0.43770474195480347
0.0,0.0,0.3729134500026703
0.0,0.0,0.4742017388343811
1.821831989445342e-231,1.0,0.9999999403953552
0.0,0.0,0.5127074122428894
0.0,0.0,0.30313464999198914
1.5319719891192393e-231,0.5,0.7040518522262573
1.5319719891192393e-231,0.5,0.5616893768310547
1.5319719891192393e-231,0.5,0.6755660176277161
0.0,0.0,0.5795679092407227
0.0,0.0,0.5378928184509277
0.0,0.0,0.4639066457748413
1.5319719891192393e-231,0.5,0.4987587034702301
1.5319719891192393e-231,0.5,0.5729445815086365
1.2882297539194154e-231,0.4,0.3537878096103668
6.702145341854094e-232,0.5,0.6608640551567078
0.0,0.0,0.44646698236465454
0.0,0.0,0.4351252317428589
0.0,0.0,0.44759371876716614
0.0,0.0,0.4253677427768707
0.0,0.0,0.4695519208908081
0.0,0.0,0.1809978187084198
0.0,0.0,0.19910186529159546
0.0,0.0,0.19671465456485748
0.0,0.0,0.31692537665367126
0.0,0.0,0.23157565295696259
0.0,0.0,0.2785767912864685
0.0,0.0,0.22462981939315796
0.0,0.0,0.24852582812309265
0.0,0.0,0.3065134882926941
0.0,0.0,0.40824058651924133
0.0,0.0,0.5260567665100098
0.0,0.0,0.25204384326934814
0.0,0.0,0.6396763324737549
0.0,0.0,0.1914937049150467
0.0,0.0,0.2558055520057678
0.0,0.0,0.22728411853313446
0.0,0.0,0.31908729672431946
0.0,0.0,0.2014838308095932
6.702145341854094e-232,0.6666666666666666,0.7051300406455994
0.0,0.0,0.40533679723739624
6.702145341854094e-232,0.6666666666666666,0.8941231369972229
9.047424648113057e-155,0.8,0.810708224773407
9.291879812217675e-232,0.4,0.47876712679862976
9.047424648113057e-155,0.8,0.8337916135787964
6.702145341854094e-232,0.6666666666666666,0.7126192450523376
0.0,0.0,0.3417092263698578
0.0,0.0,0.39765268564224243
0.0,0.0,0.32279619574546814
0.0,0.0,0.2437058985233307
0.0,0.0,0.3959750235080719
0.0,0.0,0.10910280048847198
0.0,0.0,0.2114531397819519
0.0,0.0,0.16567575931549072
0.0,0.0,0.02852073311805725
0.0,0.5,0.2919495403766632
0.0,0.5,0.448604941368103
0.0,0.0,0.48372969031333923
0.0,0.0,0.56570965051651
0.0,0.0,0.5078235864639282
0.0,0.0,0.4256628453731537
0.0,1.0,0.9225270748138428
1.821831989445342e-231,1.0,0.9999998807907104
0.0,0.0,0.3814440369606018
0.0,0.0,0.48999202251434326
0.0,0.0,0.22861091792583466
0.0,0.0,0.5583289265632629
0.0,0.0,0.5069634914398193
1.821831989445342e-231,1.0,1.000000238418579
1.384292958842266e-231,0.4,0.5129498839378357
1.384292958842266e-231,0.4,0.4876258373260498
1.384292958842266e-231,0.4,0.47642767429351807
0.0,0.0,0.368403822183609
0.0,0.0,0.21270158886909485
0.0,0.0,0.3453553020954132
0.0,0.0,0.1365392655134201
0.0,0.0,0.23893232643604279
0.0,0.0,0.19509023427963257
0.0,0.0,0.3257402181625366
1.821831989445342e-231,1.0,1.0000001192092896
0.0,0.0,0.19862698018550873
1.5319719891192393e-231,0.5,0.42524442076683044
0.0,0.0,0.2277773767709732
1.384292958842266e-231,0.4,0.38943812251091003
0.0,0.0,0.24688220024108887
0.0,0.0,0.22096489369869232
0.0,0.0,0.17840467393398285
0.0,0.0,0.3405883014202118
0.0,0.0,0.5102367401123047
0.0,0.0,0.22751879692077637
0.0,0.0,0.34278035163879395
0.0,0.0,0.5988478660583496
0.0,0.0,0.3889702260494232
1.821831989445342e-231,1.0,1.0000001192092896
0.0,0.0,0.22739852964878082
0.0,0.0,0.496165007352829
0.0,0.0,0.6224787831306458
0.0,0.0,0.4464111626148224
0.0,0.0,0.21120786666870117
0.0,0.0,0.42362359166145325
0.0,0.0,0.15938922762870789
0.0,0.0,0.28817641735076904
0.0,0.0,0.16462039947509766
0.0,0.0,0.20703913271427155
0.0,0.6666666666666666,0.8239684700965881
1.821831989445342e-231,1.0,1.0
1.5319719891192393e-231,0.6666666666666666,0.7453286647796631
0.0,0.0,0.4042208790779114
0.0,0.0,0.5027424693107605
0.0,0.0,0.26070964336395264
0.0,0.0,0.2642568051815033
0.0,0.0,0.5816342830657959
0.0,0.0,0.791841447353363
0.0,0.0,0.494760125875473
0.0,0.0,0.2207186073064804
0.0,0.0,0.5820668339729309
0.0,0.0,0.40616437792778015
0.0,0.0,0.12410201877355576
0.0,0.0,0.21156124770641327
0.0,0.0,0.2867269814014435
1.821831989445342e-231,1.0,0.9999999403953552
0.0,0.0,0.19432809948921204
0.0,0.0,0.25992369651794434
0.0,0.0,0.19713257253170013
0.0,0.0,0.12511295080184937
0.0,0.0,0.17558088898658752
0.0,0.0,0.31010758876800537
0.0,0.0,0.2826032340526581
0.0,0.0,0.19547215104103088
0.0,0.0,0.32451990246772766
0.0,0.0,0.3336421847343445
0.0,0.0,0.19167274236679077
0.0,0.0,0.29986298084259033
0.0,0.0,0.2703998386859894
0.0,0.0,0.30723831057548523
0.0,0.0,0.23192673921585083
0.0,0.0,0.4534100592136383
0.0,0.0,0.1792905181646347
0.0,0.0,0.42360299825668335
0.0,0.0,0.2863772213459015
0.0,0.0,0.3554113209247589
0.0,0.0,0.5769203901290894
0.0,0.0,0.4777870178222656
0.0,0.0,0.5621516704559326
0.0,0.0,0.3750474154949188
1.821831989445342e-231,1.0,0.9999998211860657
0.0,0.0,0.8310325741767883
0.0,0.0,0.4080865979194641
0.0,0.0,0.1536087542772293
0.0,0.0,0.2968968152999878
0.0,0.0,0.26721662282943726
0.0,0.0,0.21113698184490204
0.0,0.0,0.1561024934053421
0.0,0.0,0.14009375870227814
0.0,0.0,0.16076011955738068
0.0,0.0,0.1622501164674759
0.0,0.0,0.4618445336818695
0.0,0.0,0.08701834082603455
0.0,0.0,0.25703752040863037
0.0,0.0,0.2903731167316437
0.0,0.0,0.19064795970916748
0.0,0.0,0.21497999131679535
0.0,0.0,0.3746160864830017
0.0,0.0,0.21057799458503723
0.0,0.0,0.4380614161491394
0.0,0.0,0.48276352882385254
0.0,0.0,0.4892843961715698
0.0,0.0,0.23609817028045654
0.0,0.0,0.44521504640579224
0.0,0.0,0.42073267698287964
0.0,0.0,0.2521933615207672
0.0,0.0,0.18520905077457428
0.0,0.0,0.22048307955265045
0.0,0.0,0.16003449261188507
1.133422688662942e-154,0.6666666666666666,0.626559853553772
0.0,0.0,0.24194766581058502
1.2183324802375697e-231,0.25,0.46263933181762695
0.0,0.0,0.08803930878639221
0.0,0.0,0.17890530824661255
0.0,0.0,0.2662537693977356
0.0,0.0,0.3688359558582306
1.5319719891192393e-231,0.6666666666666666,0.6859415173530579
0.0,0.0,0.33728399872779846
0.0,0.0,0.3359605669975281
0.0,0.0,0.34398168325424194
0.0,0.0,0.1411377340555191
1.646211035903463e-231,0.3333333333333333,0.8013694286346436
1.646211035903463e-231,0.3333333333333333,0.6184465885162354
9.283142785759642e-155,0.5,0.9043309688568115
0.0,0.0,0.3866715133190155
0.0,0.0,0.18245944380760193
0.0,0.0,0.31129151582717896
0.0,0.0,0.2812208831310272
1.5319719891192393e-231,0.5,0.5761671662330627
1.5319719891192393e-231,0.5,0.4543246626853943
0.0,0.0,0.23851366341114044
0.0,0.0,0.4188501238822937
0.0,0.0,0.3406870663166046
0.0,0.0,0.5602589249610901
0.0,0.0,0.16183017194271088
0.0,0.0,0.3637707531452179
0.0,0.0,0.44117558002471924
0.0,0.0,0.49927231669425964
0.0,1.0,0.9999995231628418
0.0,0.0,0.2837373614311218
0.0,0.5,0.7356385588645935
0.0,0.0,0.24518011510372162
0.0,0.0,0.22123315930366516
0.0,0.0,0.20837520062923431
0.0,0.0,0.3455546498298645
0.0,0.0,0.2328687608242035
0.0,0.0,0.34489721059799194
0.0,0.0,0.10855214297771454
1.5319719891192393e-231,0.5,0.7806543707847595
0.0,0.0,0.256182461977005
0.0,0.0,0.3682252764701843
0.0,0.0,0.1905032843351364
0.0,0.0,0.27948951721191406
0.0,0.0,0.08434202522039413
0.0,0.0,0.31861329078674316
0.0,0.0,0.4439166486263275
0.0,0.0,0.15970928966999054
1.5319719891192393e-231,0.5,0.43983614444732666
0.0,0.0,0.19099964201450348
0.0,0.0,0.22413888573646545
0.0,0.0,0.3520181179046631
1.821831989445342e-231,1.0,0.9999998807907104
1.821831989445342e-231,1.0,1.0
0.0,0.0,0.14939755201339722
0.0,0.0,0.20156238973140717
0.0,0.0,0.2543751299381256
0.0,0.0,0.32115358114242554
0.0,0.0,0.267062783241272
0.0,0.0,0.26933398842811584
0.0,0.0,0.3427070379257202
0.0,0.0,0.5074948072433472
0.0,0.0,0.30450716614723206
1.491668146240062e-154,1.0,1.0000001192092896
1.5319719891192393e-231,0.5,0.6718062162399292
1.5319719891192393e-231,0.5,0.6895551085472107
0.0,0.0,0.39691978693008423
0.0,0.0,0.37071964144706726
0.0,0.0,0.350368857383728
1.5319719891192393e-231,0.5,0.5358579754829407
1.5319719891192393e-231,0.5,0.5929924845695496
1.5319719891192393e-231,0.5,0.5748658776283264
0.0,0.0,0.1510302573442459
0.0,0.0,0.1916833370923996
0.0,0.0,0.43562084436416626
0.0,0.0,0.31607672572135925
0.0,0.0,0.320344477891922
0.0,0.0,0.15348142385482788
0.0,0.0,0.028986811637878418
0.0,0.0,0.41323935985565186
0.0,0.0,0.12193258106708527
0.0,0.0,0.3442250192165375
0.0,0.0,0.30730393528938293
0.0,0.0,0.28695255517959595
0.0,0.0,0.24077658355236053
0.0,0.0,0.22161677479743958
0.0,0.0,0.33516913652420044
0.0,0.0,0.7387315630912781
0.0,0.0,0.5486307740211487
0.0,0.0,0.6883119344711304
1.384292958842266e-231,0.3333333333333333,0.33436354994773865
1.133422688662942e-154,0.6666666666666666,0.7455368638038635
1.133422688662942e-154,0.6666666666666666,0.6630804538726807
0.0,0.0,0.37425071001052856
0.0,0.0,0.5432819128036499
0.0,0.0,0.19786611199378967
1.5319719891192393e-231,0.5,0.5958540439605713
1.5319719891192393e-231,0.5,0.5682777166366577
1.5319719891192393e-231,0.5,0.52437824010849
0.0,0.0,0.32892173528671265
0.0,0.0,0.4127049148082733
0.0,0.0,0.3272828161716461
0.0,0.0,0.4553162157535553
0.0,0.0,0.38993075489997864
0.0,0.0,0.07646948844194412
0.0,0.0,0.19489885866641998
0.0,0.0,0.1455988734960556
0.0,0.0,0.0888042077422142
0.0,0.0,0.2908347249031067
0.0,0.0,0.3040968179702759
0.0,0.0,0.13060660660266876
1.5319719891192393e-231,0.5,0.5838818550109863
1.5319719891192393e-231,0.5,0.5898798108100891
0.0,0.0,0.1867409646511078
0.0,0.0,0.28876006603240967
0.0,0.0,0.3335540294647217
0.0,0.0,0.28718364238739014
1.5319719891192393e-231,0.5,0.48999059200286865
1.5319719891192393e-231,0.5,0.49589863419532776
1.5319719891192393e-231,0.5,0.45009708404541016
0.0,0.0,0.29712557792663574
0.0,0.0,0.14748337864875793
0.0,0.0,0.0838138535618782
1.5319719891192393e-231,0.5,0.5673024654388428
1.5319719891192393e-231,0.5,0.7226941585540771
1.5319719891192393e-231,0.5,0.6929652094841003
0.0,0.0,0.353728324174881
1.5319719891192393e-231,0.5,0.3334842324256897
1.5319719891192393e-231,0.5,0.5025517344474792
1.5319719891192393e-231,0.5,0.7211678624153137
1.5319719891192393e-231,0.5,0.6901062726974487
1.5319719891192393e-231,0.5,0.7566121816635132
0.0,0.0,0.09563922137022018
0.0,0.0,0.24240313470363617
0.0,0.0,0.28197383880615234
0.0,0.0,0.45469987392425537
0.0,0.0,0.3546629846096039
0.0,0.0,0.4147052764892578
0.0,0.5,0.45247456431388855
0.0,0.5,0.42002442479133606
0.0,0.5,0.4459044337272644
0.0,0.0,0.2952515184879303
0.0,0.0,0.21142138540744781
0.0,0.0,0.2887823283672333
1.5319719891192393e-231,0.5,0.5140037536621094
0.0,0.0,0.25887519121170044
0.0,0.0,0.21644751727581024
0.0,0.0,0.18883879482746124
0.0,0.0,0.252754807472229
0.0,0.0,0.2708006203174591
0.0,0.0,0.3079938590526581
0.0,0.0,0.19711948931217194
0.0,0.0,0.26952889561653137
0.0,0.0,0.5574594736099243
0.0,0.0,0.2902318239212036
0.0,0.0,0.1866905391216278
0.0,0.0,0.289192795753479
0.0,0.0,0.24362173676490784
0.0,0.0,0.3056708872318268
0.0,0.0,0.34993094205856323
1.384292958842266e-231,0.6666666666666666,0.6852613091468811
1.384292958842266e-231,0.3333333333333333,0.354197233915329
1.5319719891192393e-231,0.5,0.3345471918582916
0.0,0.0,0.2513040006160736
0.0,0.0,0.2583940625190735
0.0,0.0,0.18408417701721191
0.0,0.0,0.26689356565475464
0.0,0.0,0.1890530288219452
0.0,0.0,0.17062915861606598
0.0,0.0,0.29559558629989624
0.0,0.0,0.3644624948501587
0.0,0.0,0.4453900158405304
0.0,0.0,0.4194658398628235
0.0,0.0,0.26713642477989197
0.0,0.0,0.22616946697235107
0.0,0.0,0.473073810338974
0.0,0.0,0.22205384075641632
0.0,0.0,0.5069634914398193
0.0,0.0,0.45630335807800293
0.0,0.0,0.15318502485752106
0.0,0.0,0.46562957763671875
0.0,0.0,0.15400172770023346
0.0,0.0,0.2955673933029175
0.0,0.0,0.8337251543998718
0.0,0.0,0.7977604269981384
0.0,0.0,0.7592030167579651
1.5319719891192393e-231,0.5,0.4910203814506531
1.491668146240062e-154,1.0,1.000000238418579
1.5319719891192393e-231,0.5,0.8657553791999817
0.0,0.0,0.06464426964521408
0.0,0.0,0.21754394471645355
0.0,0.0,0.571587324142456
0.0,0.5,0.7971089482307434
1.5319719891192393e-231,0.5,0.8702718019485474
0.0,0.5,0.7267009615898132
0.0,0.0,0.1258980631828308
0.0,0.0,0.28048133850097656
0.0,0.0,0.3470708131790161
0.0,0.0,0.4331541359424591
0.0,0.0,0.31066593527793884
0.0,0.0,0.30211925506591797
0.0,0.0,0.5989307165145874
0.0,0.0,0.4385330080986023
0.0,0.0,0.252836674451828
0.0,0.0,0.2412371188402176
0.0,0.0,0.21723802387714386
0.0,0.0,0.2551291286945343
1.5319719891192393e-231,0.5,0.4793682098388672
1.5319719891192393e-231,0.5,0.8196910619735718
1.5319719891192393e-231,0.5,0.5663416981697083
0.0,0.0,0.13307303190231323
0.0,0.0,0.2774727940559387
0.0,0.0,0.17482270300388336
0.0,0.0,0.5008423924446106
1.821831989445342e-231,1.0,1.000000238418579
0.0,0.0,0.40671640634536743
0.0,0.0,0.27240195870399475
0.0,0.0,0.38001957535743713
0.0,0.0,0.29887840151786804
0.0,0.0,0.3462740182876587
0.0,0.0,0.3780875504016876
0.0,0.0,0.2843148708343506
0.0,0.0,0.31355345249176025
0.0,0.0,0.4107048809528351
0.0,0.0,0.1966041624546051
0.0,0.0,0.2773534655570984
0.0,0.0,0.31931057572364807
0.0,0.0,0.34709304571151733
0.0,0.0,0.2444644570350647
0.0,0.0,0.3858698010444641
0.0,0.0,0.13476751744747162
0.0,0.0,0.4623527526855469
0.0,0.0,0.45269861817359924
1.5319719891192393e-231,0.5,0.47158676385879517
0.0,0.0,0.39507997035980225
0.0,0.0,0.35297513008117676
0.0,0.0,0.4127049148082733
1.5319719891192393e-231,0.5,0.7230686545372009
1.5319719891192393e-231,0.5,0.6408541202545166
1.5319719891192393e-231,0.5,0.6463958024978638
0.0,0.0,0.13143689930438995
0.0,0.0,0.18787160515785217
0.0,0.0,0.2727351188659668
0.0,0.0,0.18927493691444397
0.0,0.0,0.12401561439037323
0.0,0.0,0.12701022624969482
1.5319719891192393e-231,0.5,0.5523211359977722
0.0,0.0,0.3523317277431488
0.0,0.0,0.40262240171432495
0.0,0.0,0.15706300735473633
0.0,0.0,0.1088143065571785
0.0,0.0,0.2025798261165619
0.0,0.5,0.3682389557361603
0.0,0.0,0.2525485157966614
0.0,0.0,0.3763355016708374
0.0,0.0,0.2829790711402893
0.0,0.0,0.3667149543762207
0.0,0.0,0.3319976031780243
0.0,0.0,0.18841390311717987
0.0,0.0,0.19059880077838898
0.0,0.0,0.19872307777404785
0.0,0.0,0.3375185430049896
0.0,0.0,0.2281491905450821
0.0,0.0,0.39639851450920105
1.5319719891192393e-231,0.5,0.49589863419532776
1.5319719891192393e-231,0.5,0.354799747467041
1.5319719891192393e-231,0.5,0.4177926778793335
0.0,0.0,0.3733574450016022
0.0,0.0,0.22558486461639404
0.0,0.0,0.20604972541332245
0.0,0.0,0.21170005202293396
0.0,0.0,0.17199845612049103
0.0,0.0,0.2720021903514862
0.0,0.0,0.2221711277961731
0.0,0.0,0.1339239776134491
0.0,0.0,0.27260449528694153
0.0,0.0,0.37335285544395447
1.821831989445342e-231,1.0,1.0000001192092896
0.0,0.0,0.4235994517803192
0.0,0.0,0.06753689795732498
0.0,0.0,0.3042691648006439
0.0,0.0,0.40600404143333435
0.0,0.0,0.47446146607398987
0.0,0.0,0.397500604391098
0.0,0.0,0.4772171676158905
0.0,0.0,0.1405067890882492
0.0,0.0,0.20446926355361938
0.0,0.0,0.1690489649772644
0.0,0.0,0.32801553606987
0.0,0.0,0.27869710326194763
0.0,0.0,0.15201202034950256
0.0,0.0,0.21800664067268372
0.0,0.0,0.1999340057373047
0.0,0.0,0.15069691836833954
0.0,0.0,0.057004399597644806
1.821831989445342e-231,1.0,1.0
0.0,0.0,0.4875980317592621
0.0,0.0,0.1414896845817566
1.5319719891192393e-231,0.5,0.6870081424713135
0.0,0.0,0.37552475929260254
0.0,0.0,0.2909143567085266
1.821831989445342e-231,1.0,0.9999999403953552
0.0,0.0,0.43024158477783203
0.0,0.0,0.30084338784217834
0.0,0.0,0.31105178594589233
0.0,0.0,0.3424938917160034
0.0,0.0,0.40824058651924133
0.0,0.0,0.357963502407074
0.0,0.0,0.48766428232192993
0.0,0.0,0.16398358345031738
0.0,0.0,0.15889151394367218
0.0,0.0,0.29415619373321533
0.0,0.0,0.14060567319393158
0.0,0.0,0.14992956817150116
0.0,0.0,0.39733096957206726
1.491668146240062e-154,1.0,0.9999997019767761
0.0,0.0,0.6856490969657898
0.0,0.0,0.4927026629447937
0.0,0.0,0.31998878717422485
0.0,0.0,0.4174080491065979
0.0,0.0,0.2755895256996155
0.0,0.0,0.13479596376419067
1.821831989445342e-231,1.0,1.000000238418579
0.0,0.0,0.08953803032636642
0.0,0.0,0.19521504640579224
0.0,0.0,0.2366284430027008
0.0,0.0,0.13885906338691711
2.4655814830110698e-232,0.5,0.6704779267311096
0.0,0.0,0.41875073313713074
0.0,0.0,0.4292212426662445
0.0,0.0,0.42362359166145325
0.0,0.0,0.35139957070350647
0.0,0.0,0.4515845775604248
0.0,0.0,0.1579713076353073
0.0,0.0,0.19643674790859222
0.0,0.0,0.18232828378677368
0.0,0.0,0.32769596576690674
0.0,0.0,0.2854553163051605
0.0,0.0,0.30116117000579834
0.0,0.0,0.18724611401557922
0.0,0.0,0.2842014729976654
0.0,0.0,0.5217856168746948
0.0,0.0,0.3810640573501587
0.0,0.0,0.484819620847702
0.0,0.0,0.5317525863647461
0.0,0.0,0.27846959233283997
0.0,0.0,0.3049924969673157
0.0,0.0,0.18628711998462677
0.0,0.0,0.42546701431274414
0.0,0.0,0.537891149520874
0.0,0.0,0.3953418433666229
0.0,0.0,0.10899759829044342
0.0,0.0,0.12248418480157852
0.0,0.0,0.14609049260616302
0.0,0.5,0.9200713634490967
0.0,0.0,0.24411176145076752
0.0,0.0,0.62999027967453
0.0,0.0,0.3117978274822235
0.0,0.0,0.2736762464046478
0.0,0.0,0.05313654989004135
0.0,0.0,0.24906715750694275
0.0,0.0,0.3114811182022095
0.0,0.0,0.21675530076026917
0.0,0.0,0.18431980907917023
0.0,0.0,0.10857882350683212
0.0,0.0,0.16050314903259277
0.0,0.0,0.38789883255958557
0.0,0.0,0.3253352642059326
0.0,0.0,0.3156871497631073
0.0,0.0,0.14508004486560822
0.0,0.0,0.16688688099384308
0.0,0.0,0.25775372982025146
0.0,0.0,0.29821646213531494
0.0,0.0,0.32225701212882996
1.821831989445342e-231,1.0,0.9999998807907104
0.0,0.0,0.37878111004829407
0.0,0.0,0.20578986406326294
0.0,0.0,0.35054856538772583
0.0,0.0,0.22723756730556488
0.0,0.0,0.26888084411621094
0.0,0.0,0.3475983142852783
0.0,0.0,0.23961952328681946
0.0,0.0,0.18838751316070557
0.0,0.0,0.32517579197883606
0.0,0.0,0.8061561584472656
0.0,0.0,0.6839074492454529
0.0,0.0,0.5044822096824646
0.0,0.0,0.27101320028305054
0.0,0.0,0.2534826397895813
0.0,0.0,0.30778372287750244
0.0,0.0,0.5049629211425781
0.0,0.0,0.49309611320495605
0.0,0.0,0.46700844168663025
1.5319719891192393e-231,0.5,0.6307207345962524
0.0,0.0,0.38563382625579834
0.0,0.0,0.2258603721857071
0.0,0.0,0.24550995230674744
0.0,0.0,0.4024539291858673
0.0,0.0,0.44747528433799744
1.5319719891192393e-231,0.5,0.4483893811702728
1.5319719891192393e-231,0.5,0.5601823329925537
0.0,0.0,0.26324236392974854
0.0,0.0,0.15956410765647888
0.0,0.0,0.12117006629705429
0.0,0.0,0.2713242769241333
0.0,0.0,0.42430412769317627
0.0,0.0,0.20341093838214874
0.0,0.0,0.267891526222229
0.0,0.0,0.269548237323761
0.0,0.0,0.3611185848712921
0.0,0.0,0.3645293712615967
1.821831989445342e-231,1.0,1.0000001192092896
1.821831989445342e-231,1.0,1.000000238418579
0.0,0.0,0.653089702129364
0.0,0.0,0.2700144946575165
0.0,0.0,0.3990035057067871
0.0,0.0,0.32309281826019287
0.0,0.0,0.22905834019184113
0.0,0.0,0.2885799705982208
0.0,0.0,0.15485714375972748
0.0,0.0,0.23934747278690338
0.0,0.0,0.2510564923286438
0.0,0.0,0.28712645173072815
0.0,0.0,0.41415247321128845
0.0,0.0,0.4099310338497162
0.0,0.0,0.42148521542549133
0.0,0.0,0.15687134861946106
0.0,0.0,0.49801626801490784
0.0,0.0,0.2586928904056549
0.0,0.0,0.3007792830467224
0.0,0.0,0.3763822615146637
0.0,0.0,0.19759047031402588
0.0,0.0,0.17711904644966125
0.0,0.0,0.5069745779037476
0.0,0.0,0.08727250248193741
0.0,0.0,0.38313180208206177
0.0,0.0,0.18459193408489227
0.0,0.0,0.3917040228843689
0.0,1.0,1.0000003576278687
0.0,0.0,0.739973247051239
0.0,0.0,0.8119232654571533
0.0,0.0,0.08910374343395233
0.0,0.0,0.29042184352874756
0.0,0.0,0.48635464906692505
0.0,0.0,0.3771607279777527
0.0,0.0,0.1831907033920288
0.0,0.0,0.5098215937614441
0.0,0.0,0.20114004611968994
0.0,0.0,0.21662414073944092
0.0,0.0,0.27789175510406494
0.0,0.0,0.14173151552677155
1.821831989445342e-231,1.0,0.9999998807907104
0.0,0.0,0.3559849262237549
0.0,0.0,0.39001017808914185
0.0,0.0,0.215204656124115
0.0,0.0,0.30905473232269287
0.0,0.0,0.3533923327922821
0.0,0.0,0.21990475058555603
0.0,0.0,0.300801157951355
0.0,0.0,0.31876417994499207
0.0,0.0,0.17725229263305664
0.0,0.0,0.3255062699317932
0.0,0.0,0.24069231748580933
0.0,0.0,0.3009427785873413
0.0,0.0,0.24878311157226562
0.0,0.0,0.4627661108970642
0.0,0.0,0.2776942849159241
0.0,0.0,0.5039970874786377
2.4655814830110698e-232,0.5,0.5737544298171997
0.0,0.0,0.18206654489040375
0.0,0.0,0.1635076254606247
0.0,0.0,0.28485384583473206
0.0,0.0,0.3351665735244751
0.0,0.0,0.1939851939678192
0.0,0.0,0.16780884563922882
0.0,0.0,0.2733185291290283
0.0,0.0,0.27669623494148254
0.0,0.0,0.13410189747810364
0.0,0.0,0.3882954716682434
0.0,0.0,0.3117622435092926
0.0,0.6666666666666666,0.7369884252548218
0.0,0.0,0.4891280233860016
0.0,0.0,0.27973678708076477
0.0,0.0,0.4868951439857483
0.0,0.0,0.20634327828884125
1.5319719891192393e-231,0.5,0.525709867477417
0.0,0.0,0.38885217905044556
0.0,0.0,0.07551191002130508
0.0,0.0,0.3904493451118469
0.0,0.0,0.10379268229007721
0.0,0.0,0.09934192150831223
0.0,0.0,0.2508407235145569
1.5319719891192393e-231,0.5,0.46942779421806335
1.491668146240062e-154,1.0,1.000000238418579
1.5319719891192393e-231,0.5,0.579687237739563
0.0,0.0,0.15053747594356537
0.0,0.0,0.2855246365070343
0.0,0.0,0.1392933875322342
0.0,0.0,0.35811254382133484
0.0,0.0,0.2785242795944214
0.0,0.0,0.3076472580432892
0.0,0.0,0.18811649084091187
0.0,0.0,0.13218706846237183
0.0,0.0,0.1288343369960785
0.0,0.0,0.13153193891048431
0.0,0.0,0.59685218334198
0.0,0.0,0.1611311286687851
0.0,0.0,0.35774314403533936
0.0,0.0,0.22168326377868652
1.821831989445342e-231,1.0,1.0
0.0,0.0,0.1759440302848816
0.0,0.0,0.17885248363018036
0.0,0.0,0.14887897670269012
0.0,0.0,0.6498767733573914
0.0,0.0,0.3414115309715271
0.0,0.0,0.265802800655365
0.0,0.0,0.5818083882331848
0.0,0.0,0.32681310176849365
0.0,0.0,0.15371564030647278
0.0,0.0,0.10140872746706009
0.0,0.0,0.3860681354999542
0.0,0.0,0.32670679688453674
0.0,0.0,0.47658979892730713
0.0,0.0,0.47820258140563965
0.0,0.0,0.23472660779953003
0.0,0.0,0.16662898659706116
1.821831989445342e-231,1.0,0.9999995231628418
0.0,0.0,0.49843430519104004
0.0,0.0,0.45267972350120544
0.0,0.0,0.24236878752708435
0.0,0.0,0.24920450150966644
1.491668146240062e-154,1.0,1.0000005960464478
1.5319719891192393e-231,0.5,0.8519431948661804
1.5319719891192393e-231,0.5,0.8134565353393555
1.5319719891192393e-231,0.6666666666666666,0.7482452988624573
0.0,0.0,0.296143114566803
0.0,0.0,0.1375935971736908
1.5319719891192393e-231,0.5,0.5408610701560974
1.5319719891192393e-231,0.5,0.5169022679328918
1.5319719891192393e-231,0.5,0.5516620874404907
1.384292958842266e-231,0.3333333333333333,0.3468700647354126
1.133422688662942e-154,0.6666666666666666,0.6895853877067566
1.384292958842266e-231,0.3333333333333333,0.18332518637180328
5.635809992474887e-232,0.6666666666666666,0.6760099530220032
1.5319719891192393e-231,0.3333333333333333,0.4979623258113861
0.0,0.0,0.2865253686904907
0.0,0.0,0.3097984492778778
0.0,0.0,0.1589130014181137
0.0,0.0,0.3732491135597229
0.0,0.0,0.37405699491500854
1.821831989445342e-231,1.0,0.9999998807907104
0.0,0.0,0.48372969031333923
1.821831989445342e-231,1.0,1.0000001192092896
1.821831989445342e-231,1.0,1.0000001192092896
0.0,0.0,0.8266459107398987
0.0,0.0,0.2652755081653595
0.0,0.0,0.16059257090091705
0.0,0.0,0.3803037703037262
0.0,0.0,0.21402937173843384
0.0,0.0,0.43387237191200256
0.0,0.0,0.3312045633792877
0.0,0.0,0.21172285079956055
0.0,0.0,0.6071640849113464
0.0,0.0,0.4510684609413147
0.0,0.0,0.34937840700149536
0.0,0.0,0.35766494274139404
0.0,0.0,0.2789701521396637
0.0,0.0,0.31718096137046814
0.0,0.0,0.5475794076919556
0.0,0.0,0.24877575039863586
0.0,0.0,0.351736456155777
0.0,0.0,0.4613566994667053
0.0,0.0,0.28196609020233154
1.5319719891192393e-231,0.5,0.8256141543388367
0.0,0.0,0.18594825267791748
0.0,0.0,0.3220723271369934
1.5319719891192393e-231,0.5,0.3891088664531708
1.5319719891192393e-231,0.5,0.5091878175735474
1.5319719891192393e-231,0.5,0.3759589195251465
0.0,0.0,0.6409223675727844
0.0,0.0,0.3871706426143646
0.0,0.0,0.33035004138946533
0.0,0.0,0.3531706929206848
0.0,0.0,0.258665531873703
0.0,0.0,0.2328166961669922
0.0,0.0,0.3834243416786194
0.0,0.0,0.1160367950797081
0.0,0.0,0.14616833627223969
1.5319719891192393e-231,0.5,0.6106526255607605
0.0,0.0,0.33590659499168396
1.5319719891192393e-231,0.5,0.694720447063446
1.5319719891192393e-231,0.5,0.7063315510749817
1.5319719891192393e-231,0.5,0.4225330650806427
0.0,0.0,0.29248103499412537
0.0,0.0,0.43208178877830505
0.0,0.0,0.2313898801803589
0.0,0.0,0.40119805932044983
0.0,0.0,0.2495206743478775
0.0,0.0,0.23082837462425232
0.0,0.0,0.17366212606430054
0.0,0.5,0.41652512550354004
0.0,0.5,0.5206350088119507
0.0,0.5,0.5752264857292175
0.0,0.0,0.33086153864860535
0.0,0.0,0.39803656935691833
0.0,0.0,0.2663242816925049
1.384292958842266e-231,0.3333333333333333,0.3950954079627991
1.384292958842266e-231,0.3333333333333333,0.2582607567310333
1.384292958842266e-231,0.3333333333333333,0.3262675702571869
0.0,0.0,0.056565023958683014
0.0,0.0,0.15086568892002106
0.0,0.0,0.2199968844652176
0.0,0.0,0.49464714527130127
0.0,0.0,0.31966638565063477
0.0,0.6666666666666666,0.4154582917690277
0.0,0.0,0.4242309629917145
0.0,0.0,0.1874532848596573
1.491668146240062e-154,1.0,1.0
0.0,0.6666666666666666,0.7097188234329224
0.0,0.6666666666666666,0.6670331954956055
0.0,0.6666666666666666,0.854462742805481
0.0,0.0,0.5341647863388062
0.0,0.0,0.2048819661140442
0.0,0.0,0.5336821675300598
0.0,0.0,0.32426178455352783
0.0,0.0,0.27002453804016113
0.0,0.0,0.19434617459774017
0.0,0.0,0.20212754607200623
0.0,0.0,0.4111637473106384
0.0,0.0,0.37846535444259644
0.0,0.0,0.4197086691856384
0.0,0.0,0.37391093373298645
1.821831989445342e-231,1.0,1.0000001192092896
0.0,0.0,0.21952012181282043
0.0,0.0,0.4842733144760132
0.0,0.0,0.19023603200912476
0.0,0.0,0.38088732957839966
0.0,0.0,0.28539544343948364
0.0,0.0,0.4868953824043274
0.0,0.0,0.2930445969104767
0.0,0.0,0.28427696228027344
0.0,0.0,0.23619388043880463
0.0,0.0,0.48310092091560364
0.0,0.0,0.11447689682245255
0.0,0.0,0.4296015202999115
0.0,0.0,0.36336907744407654
0.0,0.0,0.22523902356624603
0.0,0.0,0.27296939492225647
0.0,0.0,0.3298117518424988
0.0,0.0,0.4073757827281952
0.0,1.0,0.909224271774292
0.0,0.0,0.378628671169281
0.0,0.0,0.6992960572242737
0.0,0.0,0.24889656901359558
0.0,0.0,0.23829248547554016
0.0,0.0,0.30993011593818665
0.0,0.0,0.236472025513649
0.0,0.0,0.29214563965797424
0.0,0.0,0.24892601370811462
0.0,0.0,0.18839684128761292
0.0,0.0,0.3066730797290802
0.0,0.0,0.34903743863105774
0.0,0.0,0.20277518033981323
0.0,0.0,0.29710298776626587
0.0,0.0,0.2814296782016754
0.0,0.0,0.44971227645874023
0.0,0.0,0.2752625346183777
0.0,0.0,0.1647202968597412
0.0,0.0,0.48890790343284607
0.0,0.0,0.5931060314178467
0.0,0.0,0.26339346170425415
0.0,0.0,0.2327139973640442
1.5319719891192393e-231,0.5,0.5407518148422241
1.5319719891192393e-231,0.5,0.6260915994644165
1.5319719891192393e-231,0.5,0.671774685382843
0.0,0.0,0.05540904030203819
0.0,0.0,0.07210110127925873
0.0,0.0,0.255526602268219
0.0,0.0,0.4167299270629883
0.0,0.5,0.5401626825332642
0.0,0.5,0.4959251284599304
0.0,0.0,0.12505505979061127
0.0,0.0,0.3406870663166046
0.0,0.0,0.28288838267326355
0.0,0.0,0.4429394602775574
0.0,0.0,0.33384189009666443
0.0,0.0,0.45310813188552856
1.821831989445342e-231,1.0,1.0
0.0,0.0,0.26674365997314453
0.0,0.0,0.3122186064720154
0.0,0.0,0.6189518570899963
0.0,0.0,0.5923305153846741
0.0,0.0,0.5099455714225769
0.0,0.0,0.490646094083786
0.0,0.0,0.4516817331314087
0.0,0.0,0.4467143714427948
0.0,0.0,0.2972298860549927
0.0,0.0,0.4269425570964813
0.0,0.0,0.381207138299942
0.0,0.0,0.2816534638404846
0.0,0.0,0.5462973117828369
0.0,0.0,0.34725427627563477
1.384292958842266e-231,0.3333333333333333,0.2798720896244049
1.384292958842266e-231,0.3333333333333333,0.36780276894569397
1.2183324802375697e-231,0.25,0.3182411193847656
0.0,0.0,0.19020484387874603
0.0,0.0,0.17287953197956085
0.0,0.0,0.20515553653240204
0.0,0.0,0.2659151256084442
0.0,0.0,0.5137875080108643
0.0,0.0,0.5989307165145874
0.0,0.0,0.19229154288768768
0.0,0.0,0.4247947633266449
0.0,0.0,0.49427586793899536
6.702145341854094e-232,0.6666666666666666,0.6379984617233276
0.0,0.0,0.3135957419872284
0.0,0.0,0.16747194528579712
1.5319719891192393e-231,0.5,0.4194912612438202
1.5319719891192393e-231,0.5,0.41380685567855835
0.0,0.0,0.19472408294677734
0.0,0.0,0.181509330868721
0.0,0.0,0.12054949253797531
0.0,0.0,0.2129117250442505
0.0,0.0,0.21227529644966125
0.0,0.0,0.2153266817331314
0.0,0.0,0.19410862028598785
0.0,0.0,0.15918612480163574
0.0,0.0,0.33008870482444763
1.384292958842266e-231,0.3333333333333333,0.4984983801841736
1.5319719891192393e-231,0.5,0.5424782633781433
1.5319719891192393e-231,0.5,0.4796154797077179
1.5319719891192393e-231,0.5,0.4923175871372223
0.0,0.0,0.14972993731498718
0.0,0.0,0.3930491507053375
1.2882297539194154e-231,0.3333333333333333,0.33888131380081177
1.5319719891192393e-231,0.5,0.6027772426605225
0.0,0.0,0.2762044668197632
0.0,0.0,0.3763991594314575
0.0,0.0,0.2153761237859726
0.0,0.0,0.18299639225006104
0.0,0.0,0.1925734281539917
0.0,0.0,0.260993629693985
0.0,0.0,0.2890302836894989
0.0,0.0,0.1025029793381691
0.0,0.0,0.3074549734592438
0.0,0.0,0.24721728265285492
0.0,0.0,0.0763896107673645
0.0,0.0,0.5284135937690735
0.0,0.0,0.3714926540851593
0.0,0.0,0.36361101269721985
0.0,0.0,0.31572967767715454
0.0,0.0,0.5115394592285156
0.0,0.0,0.3178179860115051
0.0,0.0,0.43410524725914
0.0,0.0,0.07852759957313538
0.0,0.0,0.2831869423389435
0.0,0.0,0.5293320417404175
0.0,0.0,0.2985959053039551
0.0,0.0,0.38666167855262756
0.0,0.0,0.3605895936489105
0.0,0.0,0.6122675538063049
0.0,0.0,0.12199500948190689
0.0,0.0,0.322573721408844
0.0,0.0,0.2779099941253662
0.0,0.0,0.31020689010620117
0.0,0.0,0.454925000667572
0.0,0.0,0.31632283329963684
0.0,0.0,0.3920559287071228
0.0,0.0,0.2498866766691208
0.0,0.0,0.48719099164009094
0.0,0.0,0.3734920024871826
0.0,0.0,0.34307292103767395
0.0,0.0,0.32264721393585205
0.0,0.0,0.4054507911205292
0.0,0.0,0.41378456354141235
0.0,0.0,0.24452009797096252
0.0,0.0,0.3139088749885559
0.0,0.0,0.23362351953983307
0.0,0.0,0.34691110253334045
0.0,0.0,0.37022024393081665
0.0,0.0,0.17295551300048828
0.0,0.0,0.10901878029108047
0.0,0.0,0.18044453859329224
0.0,0.0,0.6118223667144775
0.0,0.0,0.3507124185562134
0.0,0.0,0.26144102215766907
0.0,0.0,0.5055564045906067
0.0,0.0,0.17598304152488708
0.0,0.0,0.1530616730451584
0.0,0.0,0.23027117550373077
0.0,0.0,0.21845923364162445
0.0,0.0,0.4079310894012451
1.5319719891192393e-231,0.5,0.7746888399124146
1.5319719891192393e-231,0.5,0.49967142939567566
1.5319719891192393e-231,0.5,0.724159836769104
0.0,0.0,0.29400548338890076
0.0,0.0,0.32787278294563293
0.0,0.0,0.3432895541191101
0.0,0.0,0.24162869155406952
0.0,0.0,0.39605292677879333
0.0,0.0,0.57529217004776
0.0,0.0,0.16557548940181732
0.0,0.0,0.17636162042617798
0.0,0.0,0.1601387858390808
0.0,0.0,0.4093513786792755
0.0,0.0,0.2096293419599533
0.0,0.0,0.324365496635437
0.0,0.0,0.32647934556007385
0.0,0.0,0.2594586908817291
0.0,0.0,0.5049959421157837
1.5319719891192393e-231,0.5,0.3336804509162903
1.5319719891192393e-231,0.5,0.42855048179626465
1.384292958842266e-231,0.4,0.31708428263664246
0.0,0.0,0.3478347659111023
0.0,0.0,0.34210243821144104
0.0,0.0,0.25121837854385376
0.0,0.0,0.0737927034497261
0.0,0.0,0.31474700570106506
0.0,0.0,0.47197675704956055
0.0,0.0,0.09644101560115814
0.0,0.0,0.28216445446014404
0.0,0.0,0.1559598445892334
0.0,0.0,0.20664647221565247
5.635809992474887e-232,0.3333333333333333,0.48469409346580505
0.0,0.0,0.35748082399368286
0.0,0.0,0.05988410487771034
0.0,0.0,0.2804126441478729
0.0,0.0,0.27329573035240173
0.0,0.0,0.18619036674499512
0.0,0.0,0.21694886684417725
0.0,0.0,0.29356279969215393
0.0,0.0,0.2404884696006775
0.0,0.0,0.3607216477394104
0.0,0.0,0.24077054858207703
0.0,0.0,0.40595895051956177
0.0,0.0,0.2566596567630768
6.702145341854094e-232,0.6666666666666666,0.6737982630729675
0.0,0.0,0.40901678800582886
0.0,0.0,0.36699143052101135
0.0,0.0,0.20107167959213257
1.5319719891192393e-231,0.4,0.3704362213611603
1.5319719891192393e-231,0.5,0.43624651432037354
1.5319719891192393e-231,0.5,0.3931892514228821
1.5319719891192393e-231,0.5,0.6046648025512695
1.5319719891192393e-231,0.5,0.4925609230995178
1.5319719891192393e-231,0.5,0.6351349353790283
1.5319719891192393e-231,0.5,0.560006856918335
1.5319719891192393e-231,0.5,0.5652888417243958
1.5319719891192393e-231,0.5,0.580003023147583
0.0,0.5,0.5123794078826904
1.491668146240062e-154,1.0,1.0
1.5319719891192393e-231,0.6666666666666666,0.7868447303771973
0.0,0.0,0.3303678333759308
0.0,0.0,0.3300195634365082
0.0,0.0,0.29977715015411377
1.5319719891192393e-231,0.5,0.49574217200279236
1.5319719891192393e-231,0.5,0.6807449460029602
1.5319719891192393e-231,0.5,0.6686010360717773
0.0,0.0,0.11753879487514496
0.0,0.0,0.38369762897491455
0.0,0.0,0.709001362323761
9.291879812217675e-232,0.4,0.5108523368835449
9.291879812217675e-232,0.4,0.6332863569259644
9.291879812217675e-232,0.4,0.5808787941932678
0.0,0.0,0.28435057401657104
0.0,0.0,0.5146141052246094
0.0,0.0,0.4623650908470154
0.0,0.0,0.2225639522075653
0.0,0.0,0.5284135937690735
0.0,0.0,0.4554341435432434
0.0,0.0,0.379209965467453
0.0,0.0,0.3877526521682739
0.0,0.0,0.44558221101760864
0.0,0.0,0.4495149254798889
0.0,0.0,0.4737277925014496
0.0,0.0,0.42365318536758423
0.0,0.0,0.3093990683555603
0.0,0.0,0.22975194454193115
0.0,0.0,0.36037009954452515
0.0,0.5,0.4291011095046997
0.0,0.0,0.34002476930618286
0.0,0.0,0.16528481245040894
0.0,0.0,0.32720088958740234
0.0,0.0,0.40723520517349243
0.0,0.0,0.3773658871650696
0.0,0.0,0.12331464141607285
0.0,0.0,0.23364444077014923
0.0,0.0,0.016085149720311165
0.0,0.0,0.37328070402145386
0.0,0.0,0.4422145187854767
0.0,0.0,0.7752899527549744
0.0,0.0,0.13679228723049164
0.0,0.0,0.1885177344083786
0.0,0.0,0.13226762413978577
0.0,0.0,0.45537588000297546
0.0,0.0,0.34468767046928406
0.0,0.0,0.21393238008022308
0.0,0.0,0.27408018708229065
0.0,0.0,0.3998294472694397
0.0,0.0,0.5186887383460999
0.0,0.0,0.3560563325881958
0.0,0.0,0.4417879283428192
0.0,0.0,0.5637937188148499
0.0,0.0,0.2606171667575836
0.0,0.0,0.4295913577079773
0.0,0.0,0.37233418226242065
0.0,0.0,0.5408627986907959
0.0,0.0,0.4960705637931824
0.0,0.0,0.2037738859653473
0.0,0.0,0.4049643278121948
0.0,0.0,0.40187034010887146
0.0,0.0,0.1756691187620163
0.0,0.0,0.3175586462020874
0.0,0.0,0.21369725465774536
0.0,0.0,0.3258689343929291
0.0,0.0,0.5140832662582397
0.0,0.0,0.33844003081321716
0.0,0.0,0.42523130774497986
0.0,0.0,0.06594906747341156
0.0,0.0,0.11634594202041626
0.0,0.0,0.217024028301239
0.0,0.0,0.2996143698692322
0.0,0.0,0.43133530020713806
0.0,0.0,0.12370988726615906
0.0,0.0,0.3833979070186615
0.0,0.0,0.32303062081336975
0.0,0.0,0.2909701466560364
0.0,0.0,0.3591407537460327
0.0,0.0,0.3152906000614166
0.0,0.0,0.6688939929008484
0.0,0.0,0.30941084027290344
0.0,0.0,0.3034921884536743
0.0,0.0,0.26490750908851624
0.0,0.0,0.3540012836456299
0.0,0.0,0.3067263662815094
0.0,0.0,0.29079586267471313
0.0,0.0,0.4256628453731537
0.0,0.0,0.3330375850200653
0.0,0.0,0.26828473806381226
0.0,0.0,0.27578696608543396
0.0,0.0,0.18889325857162476
0.0,0.0,0.2881395220756531
0.0,0.0,0.43206435441970825
0.0,0.0,0.27583250403404236
0.0,0.0,0.29996031522750854
0.0,0.0,0.16205281019210815
0.0,0.0,0.14574655890464783
0.0,0.0,0.40334415435791016
0.0,0.0,0.4441138803958893
0.0,0.0,0.3487527668476105
0.0,0.0,0.6426028609275818
0.0,0.0,0.6516597270965576
0.0,0.0,0.18916632235050201
0.0,0.0,0.5327548980712891
0.0,0.0,0.31546223163604736
0.0,0.0,0.5002238154411316
0.0,0.0,0.4877367615699768
0.0,0.0,0.5055084824562073
0.0,0.0,0.1727290153503418
0.0,0.0,0.1997232437133789
0.0,0.0,0.06541620194911957
0.0,0.0,0.2508355379104614
0.0,0.0,0.22186194360256195
1.5319719891192393e-231,0.5,0.39110663533210754
1.5319719891192393e-231,0.5,0.5120837688446045
1.5319719891192393e-231,0.5,0.5416592359542847
0.0,0.0,0.17467254400253296
0.0,0.0,0.05904674530029297
0.0,0.0,0.10547622293233871
1.5319719891192393e-231,0.5,0.49715253710746765
1.5319719891192393e-231,0.5,0.46496400237083435
1.5319719891192393e-231,0.5,0.5983279943466187
0.0,0.0,0.22865721583366394
0.0,0.0,0.4373866021633148
0.0,0.0,0.21948055922985077
0.0,0.0,0.39399033784866333
0.0,0.0,0.24451987445354462
0.0,0.0,0.2814796566963196
0.0,0.0,0.23349153995513916
0.0,0.0,0.5451206564903259
0.0,0.0,0.4559863209724426
0.0,1.0,0.9238430261611938
0.0,0.0,0.30989837646484375
0.0,0.0,0.16895276308059692
0.0,0.0,0.28395432233810425
0.0,0.0,0.09701547771692276
0.0,0.0,0.08746177703142166
0.0,0.0,0.32243597507476807
0.0,0.0,0.391035258769989
0.0,0.0,0.7280412316322327
0.0,0.0,0.30407220125198364
0.0,0.0,0.1899741142988205
0.0,0.0,0.28539153933525085
0.0,0.0,0.3295774757862091
1.821831989445342e-231,1.0,1.0
0.0,0.0,0.3756599426269531
0.0,0.0,0.22824719548225403
0.0,0.0,0.28137460350990295
0.0,0.0,0.27240172028541565
0.0,0.0,0.35330143570899963
1.133422688662942e-154,0.6666666666666666,0.8386269211769104
1.133422688662942e-154,0.6666666666666666,0.7204166054725647
0.0,0.0,0.3430355191230774
0.0,0.0,0.23035074770450592
0.0,0.0,0.32479968667030334
1.5319719891192393e-231,0.5,0.461074560880661
1.5319719891192393e-231,0.5,0.5160973072052002
1.491668146240062e-154,1.0,1.0000001192092896
0.0,0.0,0.37878111004829407
6.702145341854094e-232,0.6666666666666666,0.7453286647796631
0.0,0.0,0.4249122440814972
0.0,0.0,0.21395860612392426
0.0,0.0,0.42587345838546753
0.0,0.0,0.3876311182975769
0.0,0.0,0.2706432044506073
0.0,0.0,0.333432674407959
0.0,0.0,0.2978081703186035
1.2213386697554703e-77,1.0,1.000000238418579
1.133422688662942e-154,0.6666666666666666,0.7556779384613037
1.384292958842266e-231,0.3333333333333333,0.5823877453804016
0.0,0.0,0.20070362091064453
0.0,0.0,0.1425609588623047
0.0,0.0,0.2855934798717499
0.0,0.0,0.31652209162712097
0.0,0.0,0.49050143361091614
0.0,0.0,0.362059623003006
0.0,0.0,0.483583927154541
0.0,0.0,0.5098617672920227
0.0,0.0,0.4854469299316406
0.0,0.0,0.12620039284229279
0.0,0.0,0.4547666907310486
0.0,0.0,0.5962923169136047
0.0,0.0,0.1597159057855606
0.0,0.0,0.19664110243320465
0.0,0.0,0.03623831272125244
0.0,0.0,0.27099695801734924
0.0,0.0,0.5178908705711365
0.0,0.0,0.40767139196395874
1.5319719891192393e-231,0.5,0.6996418237686157
1.5319719891192393e-231,0.5,0.6279957890510559
1.5319719891192393e-231,0.5,0.6449077725410461
0.0,0.0,0.32347235083580017
0.0,0.0,0.17193099856376648
0.0,0.0,0.26354461908340454
0.0,0.0,0.1214032769203186
0.0,0.0,0.2442573457956314
0.0,0.0,0.19301727414131165
0.0,0.0,0.3296310007572174
0.0,0.0,0.4385412931442261
0.0,0.0,0.11684563755989075
0.0,0.0,0.34031251072883606
0.0,0.0,0.5284135937690735
1.5319719891192393e-231,0.6666666666666666,0.7453286647796631
0.0,0.0,0.8294739723205566
0.0,0.0,0.785387396812439
0.0,0.0,0.4944779872894287
0.0,0.0,0.24310491979122162
0.0,0.0,0.43122053146362305
0.0,0.0,0.05965456739068031
0.0,0.0,0.2570692300796509
0.0,0.0,0.36465954780578613
0.0,0.0,0.29645833373069763
0.0,0.0,0.33556151390075684
0.0,0.0,0.22086277604103088
0.0,0.0,0.17103387415409088
0.0,0.0,0.2560073435306549
0.0,0.0,0.25689324736595154
0.0,0.0,0.15741336345672607
0.0,0.0,0.3537179231643677
0.0,0.0,0.21191556751728058
0.0,0.0,0.33743247389793396
0.0,0.0,0.5195610523223877
0.0,0.0,0.483583927154541
0.0,0.2,0.5800166726112366
0.0,0.0,0.7316038012504578
0.0,0.0,0.7380934357643127
0.0,0.0,0.6346625089645386
0.0,0.0,0.5145539045333862
0.0,0.0,0.501854658126831
0.0,0.0,0.5452682375907898
0.0,0.0,0.3199651837348938
0.0,0.0,0.15187859535217285
0.0,0.0,0.2984488308429718
0.0,0.0,0.270876944065094
0.0,0.0,0.29648104310035706
0.0,0.0,0.3124062120914459
0.0,0.0,0.29661720991134644
0.0,0.0,0.2233504205942154
0.0,0.0,0.3731807470321655
0.0,0.0,0.6289806365966797
1.821831989445342e-231,1.0,0.9999997615814209
1.821831989445342e-231,1.0,1.0000001192092896
1.5319719891192393e-231,0.5,0.5134738683700562
1.5319719891192393e-231,0.5,0.44331666827201843
0.0,0.0,0.20371215045452118
0.0,0.0,0.5373985171318054
0.0,0.0,0.5630037784576416
0.0,0.0,0.4628259837627411
0.0,0.0,0.7387315630912781
0.0,0.0,0.6171877980232239
0.0,0.0,0.5044822096824646
0.0,0.0,0.17022086679935455
0.0,0.0,0.2654220163822174
0.0,0.0,0.3548424243927002
0.0,0.0,0.2467067390680313
0.0,0.0,0.3204173445701599
0.0,0.0,0.48766428232192993
0.0,0.0,0.16464217007160187
0.0,0.0,0.5896192789077759
1.5319719891192393e-231,0.5,0.6916881203651428
0.0,0.0,0.1799304187297821
0.0,0.0,0.193519726395607
1.5319719891192393e-231,0.5,0.6045249700546265
0.0,0.0,0.2602064907550812
0.0,0.0,0.28142109513282776
0.0,0.0,0.28340619802474976
0.0,0.0,0.48829060792922974
0.0,0.0,0.48215508460998535
0.0,0.0,0.4437892735004425
0.0,0.0,0.1956556886434555
0.0,0.0,0.1311851590871811
0.0,0.0,0.182339608669281
1.384292958842266e-231,0.6666666666666666,0.8446874022483826
0.0,0.3333333333333333,0.817619264125824
0.0,0.3333333333333333,0.8260540962219238
1.2213386697554703e-77,1.0,1.0
1.384292958842266e-231,0.3333333333333333,0.4509238600730896
1.384292958842266e-231,0.3333333333333333,0.4403775632381439
0.7598356856515925,0.8333333333333334,0.8408551812171936
8.38826642100846e-155,0.6,0.47548142075538635
0.7598356856515925,0.8333333333333334,0.6094484925270081
0.0,0.0,0.3655075430870056
0.0,0.0,0.4170846939086914
0.0,0.0,0.43052586913108826
0.0,0.0,0.16203095018863678
0.0,0.0,0.22641167044639587
0.0,0.0,0.21252143383026123
0.0,0.0,0.3043680191040039
0.0,0.0,0.4366871416568756
0.0,0.0,0.3826003968715668
0.0,0.0,0.3106274902820587
0.0,0.0,0.372747540473938
0.0,0.0,0.47483280301094055
0.0,0.0,0.45612385869026184
0.0,0.0,0.10815760493278503
0.0,0.0,0.16250598430633545
0.0,0.0,0.27251914143562317
0.0,0.0,0.16441848874092102
0.0,0.0,0.3164066970348358
1.821831989445342e-231,1.0,1.0000004768371582
0.0,0.0,0.6999082565307617
0.0,0.0,0.6856231689453125
0.0,0.0,0.4046774208545685
0.0,0.0,0.3405523896217346
0.0,0.0,0.20454514026641846
0.0,0.0,0.3188568651676178
0.0,0.0,0.422995388507843
0.0,0.0,0.4689747989177704
0.0,0.0,0.36021339893341064
0.0,0.0,0.5159813165664673
0.0,0.0,0.1894674450159073
0.0,0.0,0.21094445884227753
0.0,0.0,0.28940364718437195
0.0,0.0,0.24112734198570251
0.0,0.0,0.2751992642879486
0.0,0.0,0.29475244879722595
0.0,0.0,0.277496337890625
1.821831989445342e-231,1.0,1.000000238418579
0.0,0.0,0.383622407913208
0.0,0.0,0.688824474811554
0.0,0.0,0.22502334415912628
0.0,0.0,0.11707325279712677
0.0,0.0,0.19510520994663239
0.0,0.0,0.377218633890152
0.0,0.0,0.15531569719314575
0.0,0.0,0.0741877406835556
1.821831989445342e-231,1.0,1.0000003576278687
0.0,0.0,0.4651149809360504
1.821831989445342e-231,1.0,1.000000238418579
0.0,0.0,0.8587827682495117
0.0,0.0,0.8587827682495117
0.0,0.0,0.6379257440567017
0.0,0.0,0.3988848626613617
0.0,0.0,0.204976424574852
0.0,0.0,0.43919360637664795
1.821831989445342e-231,1.0,0.9999998807907104
0.0,0.0,0.4342919886112213
0.0,0.0,0.3233723044395447
0.0,0.0,0.35646921396255493
0.0,0.0,0.2668384611606598
0.0,0.0,0.13885974884033203
0.0,0.0,0.4192470610141754
0.0,0.0,0.31270670890808105
0.0,0.0,0.21848513185977936
0.0,0.0,0.23591607809066772
0.0,0.0,0.5083677768707275
0.0,0.0,0.14695052802562714
0.0,0.0,0.40269601345062256
0.0,0.0,0.32333680987358093
0.0,0.0,0.3327424228191376
0.0,0.0,0.658534586429596
0.0,0.0,0.3663099706172943
0.0,0.0,0.20341093838214874
0.0,0.0,0.4429129958152771
0.0,0.0,0.2693665027618408
0.0,0.0,0.04702725261449814
0.0,0.0,0.3750664293766022
0.0,0.0,0.18295329809188843
0.0,0.0,0.10315758734941483
0.0,0.0,0.22930753231048584
0.0,0.0,0.09864632040262222
0.0,0.0,0.16878780722618103
0.0,0.0,0.401051789522171
1.5319719891192393e-231,0.5,0.5684630274772644
0.0,0.0,0.3369607627391815
0.0,0.0,0.5467549562454224
0.0,0.0,0.5138841271400452
0.0,0.0,0.6991724371910095
0.0,0.0,0.2688973546028137
0.0,0.0,0.2442328929901123
0.0,0.0,0.2658628523349762
0.0,0.5,0.6064549684524536
0.0,0.5,0.6940864324569702
0.0,0.5,0.5103591680526733
0.0,0.0,0.136971116065979
0.0,0.0,0.26807042956352234
0.0,0.0,0.31258317828178406
0.0,0.0,0.3412419259548187
0.0,0.0,0.2671951651573181
0.0,0.0,0.22309862077236176
0.0,0.0,0.3144262135028839
0.0,0.0,0.2714579701423645
0.0,0.0,0.285819947719574
0.0,0.0,0.2170405089855194
0.0,0.0,0.1784886121749878
0.0,0.0,0.10176336765289307
9.047424648113057e-155,0.8,0.7676894068717957
1.5319719891192393e-231,0.5,0.6225730180740356
1.491668146240062e-154,1.0,1.0000001192092896
0.0,0.0,0.3974091112613678
0.0,0.0,0.1880159080028534
0.0,0.0,0.011516166850924492
2.4655814830110698e-232,0.5,0.8106333613395691
0.0,0.0,0.32892173528671265
0.0,0.0,0.4127049148082733
0.0,0.0,0.37462058663368225
0.0,0.0,0.3685138523578644
0.0,0.0,0.2629517614841461
0.0,0.0,0.2093944102525711
0.0,0.0,0.31037408113479614
0.0,0.0,0.2163132131099701
0.0,0.0,0.19648884236812592
0.0,0.0,0.4498141407966614
0.0,0.0,0.39171162247657776
0.0,0.0,0.43070337176322937
0.0,0.0,0.5271129012107849
0.0,0.0,0.4193968176841736
0.0,0.0,0.4282633066177368
0.0,0.0,0.658534586429596
0.0,0.0,0.25172778964042664
0.0,0.0,0.29660066962242126
0.0,0.0,0.4966963231563568
0.0,0.0,0.24762022495269775
0.0,0.0,0.364971786737442
1.821831989445342e-231,1.0,1.0000003576278687
0.0,0.0,0.6249887943267822
0.0,0.0,0.7443125247955322
0.0,0.0,0.5009213089942932
0.0,0.0,0.4487864077091217
0.0,0.0,0.39441847801208496
1.821831989445342e-231,1.0,1.0
0.0,0.0,0.48999202251434326
1.5319719891192393e-231,0.5,0.44745200872421265
1.5319719891192393e-231,0.5,0.5376467108726501
1.5319719891192393e-231,0.5,0.516411304473877
0.0,0.0,0.6475730538368225
0.0,0.0,0.8232482075691223
0.0,0.0,0.6165246367454529
0.0,0.0,0.3174038529396057
0.0,0.0,0.23571418225765228
0.0,0.0,0.22261394560337067
0.0,0.0,0.4600251019001007
0.0,0.0,0.24183200299739838
0.0,0.0,0.15889345109462738
0.0,0.0,0.3702582120895386
0.0,0.0,0.43512892723083496
0.0,0.0,0.34256184101104736
0.0,0.0,0.09962460398674011
0.0,0.0,0.32010307908058167
0.0,0.0,0.13720162212848663
0.0,0.0,0.26900455355644226
0.0,0.0,0.16157644987106323
0.0,0.0,0.08405214548110962
0.0,0.0,0.30263668298721313
0.0,0.0,0.373286634683609
0.0,0.0,0.5870851278305054
0.0,0.0,0.15976473689079285
0.0,0.0,0.1477707475423813
0.0,0.0,0.2492719441652298
0.0,0.0,0.41353610157966614
0.0,0.0,0.2882757782936096
0.0,0.0,0.6188409924507141
0.0,0.0,0.41071662306785583
0.0,0.0,0.33272823691368103
0.0,0.0,0.08964158594608307
1.5319719891192393e-231,0.5,0.2809785306453705
1.5319719891192393e-231,0.5,0.4173555374145508
1.5319719891192393e-231,0.5,0.4681795537471771
0.0,0.0,0.6035031676292419
0.0,0.0,0.6035031676292419
0.0,0.0,0.4277227520942688
0.0,0.0,0.2687249779701233
0.0,0.0,0.16573938727378845
0.0,0.0,0.3297317624092102
0.0,0.0,0.2395601123571396
0.0,0.0,0.2558468282222748
0.0,0.0,0.21592484414577484
0.0,0.0,0.30066201090812683
0.0,0.0,0.34448397159576416
0.0,0.0,0.133048877120018
0.0,0.0,0.1450052112340927
0.0,0.0,0.29865196347236633
0.0,0.0,0.2944178581237793
0.0,0.0,0.2903401255607605
0.0,0.0,0.3648436665534973
0.0,0.0,0.42226752638816833
1.821831989445342e-231,1.0,0.9999998211860657
0.0,0.0,0.48173099756240845
0.0,0.0,0.44145628809928894
0.0,0.0,0.3255929946899414
0.0,0.0,0.17285840213298798
0.0,0.0,0.3919835090637207
0.0,0.0,0.3283700942993164
0.0,0.0,0.4554341435432434
0.0,0.0,0.5074948072433472
1.821831989445342e-231,1.0,1.0
6.702145341854094e-232,0.6666666666666666,0.7453286647796631
0.0,0.0,0.5552407503128052
0.0,0.0,0.20979677140712738
0.0,0.0,0.37013888359069824
0.0,0.0,0.4589805603027344
0.0,0.0,0.13901354372501373
0.0,0.0,0.6326638460159302
0.0,0.0,0.2283715009689331
0.0,0.0,0.21620680391788483
0.0,0.0,0.18374967575073242
0.0,0.0,0.3510255515575409
0.0,0.0,0.27487269043922424
0.0,0.0,0.2118747979402542
0.0,0.0,0.3003542721271515
0.0,0.0,0.20921966433525085
0.0,0.0,0.23681321740150452
0.0,0.0,0.2942273020744324
0.0,0.0,0.5577419400215149
0.0,0.0,0.14011476933956146
0.0,0.0,0.32787278294563293
0.0,0.0,0.39728352427482605
0.0,0.0,0.5025840401649475
0.0,0.0,0.1801150143146515
1.5319719891192393e-231,0.5,0.6543410420417786
0.0,0.0,0.23708197474479675
1.5319719891192393e-231,0.5,0.5586106777191162
0.0,0.0,0.5597518086433411
0.0,0.0,0.1826212853193283
0.0,0.0,0.5293756723403931
0.0,0.0,0.30137789249420166
0.0,0.0,0.2585420608520508
0.0,0.0,0.651459276676178
0.0,0.0,0.28941234946250916
0.0,0.0,0.12080042064189911
0.0,0.0,0.3668587803840637
0.0,0.0,0.3453618884086609
0.0,0.0,0.26544204354286194
0.0,0.0,0.2893673777580261
0.0,0.0,0.25790512561798096
0.0,0.0,0.2965303957462311
0.0,0.0,0.15826506912708282
0.0,0.0,0.11745122075080872
0.0,0.0,0.23968109488487244
0.0,0.0,0.15608632564544678
0.0,0.0,0.19827723503112793
1.821831989445342e-231,1.0,1.0
0.0,0.0,0.2655952274799347
0.0,0.0,0.2518117427825928
0.0,0.0,0.29659268260002136
0.0,0.0,0.3099912405014038
0.0,0.0,0.10596265643835068
0.0,0.0,0.3603125512599945
0.0,0.0,0.3339434564113617
0.0,0.0,0.23423269391059875
0.0,0.0,0.24018791317939758
0.0,0.0,0.1843944638967514
1.5319719891192393e-231,0.5,0.49984729290008545
1.5319719891192393e-231,0.5,0.4253538250923157
1.5319719891192393e-231,0.5,0.36180567741394043
0.0,0.0,0.3779837489128113
0.0,0.0,0.33678755164146423
1.133422688662942e-154,0.6666666666666666,0.7056661248207092
0.0,0.0,0.10613328963518143
0.0,0.0,0.3070811331272125
0.0,0.0,0.3267383575439453
0.0,0.0,0.3320212662220001
0.0,0.0,0.14710858464241028
0.0,0.0,0.3064248859882355
0.0,0.0,0.469525009393692
0.0,0.0,0.3758365511894226
0.0,0.0,0.40079331398010254
0.0,0.0,0.6233315467834473
1.384292958842266e-231,0.3333333333333333,0.5781843662261963
0.0,0.0,0.23869410157203674
1.5319719891192393e-231,0.5,0.26211240887641907
1.5319719891192393e-231,0.5,0.41640526056289673
1.5319719891192393e-231,0.5,0.5913248658180237
0.0,0.0,0.34529274702072144
0.0,0.0,0.2617618441581726
0.0,0.0,0.4868953824043274
0.0,1.0,0.8991068601608276
0.0,0.0,0.5074366927146912
0.0,0.0,0.4490137994289398
0.0,0.0,0.31876009702682495
0.0,0.0,0.16902057826519012
0.0,0.0,0.10051434487104416
0.0,0.0,0.3917040228843689
0.0,0.0,0.36875197291374207
1.821831989445342e-231,1.0,1.0
9.291879812217675e-232,0.4,0.6441217064857483
9.291879812217675e-232,0.3333333333333333,0.7437913417816162
0.0,0.3333333333333333,0.7360695600509644
0.0,0.0,0.24001114070415497
0.0,0.0,0.45164382457733154
0.0,0.0,0.4949623644351959
0.0,0.0,0.3195264935493469
0.0,0.0,0.4499536454677582
0.0,0.0,0.510625422000885
0.0,0.0,0.20893031358718872
0.0,0.0,0.3418838679790497
0.0,0.0,0.2599303424358368
1.821831989445342e-231,1.0,1.0000001192092896
0.0,0.0,0.24712063372135162
0.0,0.0,0.31131261587142944
1.384292958842266e-231,0.3333333333333333,0.6498198509216309
1.384292958842266e-231,0.3333333333333333,0.44909968972206116
1.646211035903463e-231,0.3333333333333333,0.68860924243927
0.0,0.0,0.2602657973766327
0.0,0.0,0.41113513708114624
0.0,0.0,0.39670220017433167
0.0,0.5,0.30325987935066223
1.5319719891192393e-231,0.5,0.2957814633846283
1.2882297539194154e-231,0.28571428571428575,0.20591947436332703
0.0,0.0,0.3194199502468109
1.5319719891192393e-231,0.5,0.8013356924057007
0.0,0.0,0.4068317115306854
0.0,0.0,0.1966555267572403
0.0,0.0,0.6587194204330444
0.0,0.0,0.23470409214496613
0.0,0.0,0.2877858281135559
0.0,0.0,0.42806002497673035
0.0,0.0,0.4900350570678711
0.0,0.0,0.4038940668106079
0.0,0.0,0.1525416374206543
0.0,0.0,0.2558385133743286
0.0,0.0,0.13457262516021729
0.0,0.0,0.2418486326932907
0.0,0.0,0.32966795563697815
0.0,0.0,0.5127074122428894
0.0,0.0,0.5284135937690735
0.0,0.0,0.4639066457748413
0.0,0.0,0.2751229405403137
0.0,0.0,0.36515799164772034
0.0,0.0,0.16120749711990356
0.0,0.0,0.3707994222640991
0.0,0.0,0.32684871554374695
0.0,0.0,0.4028069078922272
0.0,0.0,0.23582826554775238
0.0,0.0,0.460251122713089
0.0,0.0,0.2427590787410736
1.5319719891192393e-231,0.5,0.56587153673172
1.5319719891192393e-231,0.5,0.6124188899993896
1.5319719891192393e-231,0.5,0.5199717879295349
0.0,0.0,0.17445041239261627
0.0,0.0,0.1188129186630249
0.0,0.0,0.3542785942554474
1.821831989445342e-231,1.0,0.9999998807907104
0.0,0.0,0.43563392758369446
0.0,0.0,0.39836084842681885
0.0,0.0,0.10474008321762085
0.0,0.0,0.049586448818445206
0.0,0.0,0.08022143691778183
0.0,0.0,0.5319218039512634
0.0,0.0,0.6839074492454529
0.0,0.0,0.5486307740211487
0.0,0.0,0.40149831771850586
0.0,0.0,0.21038565039634705
0.0,0.0,0.25501707196235657
0.0,0.0,0.2852521240711212
0.0,0.0,0.3720436990261078
0.0,0.0,0.44231030344963074
0.0,0.0,-0.004172960761934519
0.0,0.0,0.592788815498352
0.0,0.0,0.33496716618537903
9.291879812217675e-232,0.4,0.579148530960083
0.0,0.0,0.26510629057884216
9.53091075863908e-155,0.5714285714285715,0.6395849585533142
0.0,0.0,0.30239641666412354
0.0,0.0,0.3007640838623047
0.0,0.0,0.20976585149765015
0.0,0.0,0.15625664591789246
0.0,0.0,0.2540711760520935
0.0,0.0,0.2649342119693756
0.0,0.0,0.1547446846961975
0.0,0.0,0.3983423411846161
0.0,0.0,0.4934842884540558
1.5319719891192393e-231,0.5,0.4445266127586365
1.5319719891192393e-231,0.5,0.4790542423725128
1.5319719891192393e-231,0.5,0.6117067933082581
0.0,0.0,0.269579142332077
0.0,0.0,0.34396451711654663
0.0,0.0,0.02093290351331234
0.0,0.0,0.25732094049453735
0.0,0.0,0.40824058651924133
0.0,0.0,0.4502924978733063
1.5319719891192393e-231,0.5,0.8345020413398743
0.0,0.0,0.4096163511276245
0.0,0.0,0.4859132170677185
0.0,0.0,0.4591512680053711
0.0,0.0,0.24144843220710754
0.0,0.0,0.16755633056163788
0.0,0.0,0.2315116673707962
0.0,0.0,0.46066173911094666
0.0,0.0,0.2177538126707077
0.0,0.0,0.32523635029792786
0.0,0.0,0.37010064721107483
0.0,0.0,0.6784108281135559
0.0,0.0,0.41539111733436584
0.0,0.0,0.19444744288921356
0.0,0.0,0.27040717005729675
0.0,0.0,0.15166734158992767
0.0,0.0,0.22427770495414734
0.0,0.0,0.2890756130218506
1.5319719891192393e-231,0.5,0.5608588457107544
1.5319719891192393e-231,0.5,0.5114732980728149
1.5319719891192393e-231,0.5,0.4607537090778351
0.0,0.0,0.1284121572971344
0.0,0.0,0.2593801021575928
0.0,0.0,0.3655617833137512
0.0,0.0,0.35721027851104736
0.0,0.0,0.26983773708343506
0.0,0.0,0.5155661702156067
0.0,0.0,0.18139490485191345
0.0,0.0,0.3342849314212799
0.0,0.0,0.1361726075410843
0.0,0.0,0.23787617683410645
0.0,0.0,0.3985258936882019
0.0,0.0,0.39058583974838257
0.0,0.0,0.2942471504211426
0.0,0.0,0.27346211671829224
0.0,0.0,0.24937009811401367
0.0,0.0,0.29660290479660034
0.0,0.0,0.2633513808250427
0.0,0.0,0.23450130224227905
0.0,0.0,0.2839004099369049
0.0,0.0,0.18117593228816986
0.0,0.0,0.11972691863775253
1.5319719891192393e-231,0.5,0.4695775806903839
1.5319719891192393e-231,0.5,0.5864543318748474
1.5319719891192393e-231,0.5,0.5851650238037109
0.0,0.0,0.19828708469867706
0.0,0.0,0.4075261652469635
0.0,0.0,0.43960535526275635
0.0,0.0,0.21224214136600494
0.0,0.0,0.25080204010009766
0.0,0.0,0.29356279969215393
0.0,0.0,0.3277573585510254
0.0,0.0,0.5075482726097107
0.0,0.0,0.3131743371486664
0.0,0.0,0.14514589309692383
0.0,0.0,0.40474778413772583
1.2213386697554703e-77,1.0,1.0000001192092896
0.0,0.0,0.4062115550041199
0.0,0.5,0.5443134307861328
0.0,0.0,0.20197130739688873
0.0,0.0,0.15087056159973145
0.0,0.0,0.18295937776565552
0.0,0.0,0.11104530096054077
0.0,0.0,0.442805677652359
0.0,0.0,0.34185582399368286
0.0,0.0,0.18631242215633392
0.0,0.0,0.07046163082122803
0.0,0.0,0.2761160135269165
1.5319719891192393e-231,0.5,0.4966737627983093
1.5319719891192393e-231,0.5,0.49109405279159546
0.0,0.0,0.31620270013809204
0.0,0.0,0.3207020163536072
1.5319719891192393e-231,0.5,0.6292741298675537
1.5319719891192393e-231,0.5,0.6463958024978638
1.5319719891192393e-231,0.5,0.5329192876815796
1.5319719891192393e-231,0.5,0.7461821436882019
1.491668146240062e-154,1.0,1.0000001192092896
1.5319719891192393e-231,0.5,0.7461821436882019
0.0,0.0,0.30126264691352844
0.0,0.0,0.17883315682411194
0.0,0.0,0.49693727493286133
0.0,0.0,0.5115394592285156
0.0,0.0,0.18636177480220795
0.0,0.0,0.30737414956092834
0.0,0.0,0.3611893355846405
0.0,0.0,0.35267987847328186
0.0,0.0,0.38222625851631165
0.0,0.0,0.1938752979040146
0.0,0.0,0.09458687901496887
0.0,0.0,0.3527497947216034
0.0,1.0,0.8881214261054993
0.0,0.0,0.2634461224079132
0.0,0.0,0.22524429857730865
0.0,0.0,0.32504791021347046
0.0,0.0,0.1395818591117859
0.0,0.0,0.3431069254875183
0.0,0.0,0.3764466643333435
0.0,0.0,0.5482552647590637
0.0,0.0,0.40588003396987915
0.0,0.0,0.20406349003314972
0.0,0.0,0.12992164492607117
0.0,0.0,0.24133603274822235
0.0,0.0,0.33242180943489075
0.0,0.0,0.24958202242851257
0.0,0.0,0.2249520868062973
0.0,0.0,0.3295774757862091
1.821831989445342e-231,1.0,1.0
0.0,0.0,0.22324533760547638
0.0,0.0,0.421732097864151
0.0,0.0,0.2848287522792816
0.0,0.0,0.3078010082244873
0.0,0.0,0.11534572392702103
0.0,0.0,0.37438181042671204
0.0,0.0,0.34739911556243896
0.0,0.0,0.12804536521434784
0.0,0.0,0.2730545699596405
0.0,0.0,0.19838190078735352
1.5319719891192393e-231,0.5,0.6727258563041687
0.0,0.0,0.25072306394577026
0.0,0.0,0.24286092817783356
0.0,0.0,0.1205068901181221
0.0,0.0,0.2031133472919464
0.0,0.0,0.31102073192596436
0.0,0.0,0.21097348630428314
9.047424648113057e-155,0.8,0.8383949398994446
0.0,0.0,0.06415963917970657
0.0,0.0,0.3953017294406891
0.0,0.0,0.4972621500492096
0.0,0.0,0.48268696665763855
0.0,0.0,0.48078370094299316
0.0,0.0,0.35626327991485596
0.0,0.0,0.18674442172050476
0.0,0.0,0.09453719854354858
0.0,0.0,0.2242831140756607
0.0,0.0,0.3018103241920471
1.821831989445342e-231,1.0,0.9999999403953552
0.0,0.0,0.3670528531074524
0.0,0.0,0.3151041865348816
0.0,0.0,0.39818453788757324
0.0,0.0,0.22710883617401123
0.0,0.0,0.446773499250412
0.0,0.0,0.3090556859970093
0.0,0.0,0.16398370265960693
0.0,0.0,0.20175012946128845
0.0,0.0,0.10363571345806122
0.0,0.0,0.06679036468267441
0.0,0.0,0.5424515008926392
0.0,0.0,0.6648867130279541
0.0,0.0,0.4102860689163208
0.0,0.0,0.4102860689163208
0.0,0.0,0.24714253842830658
0.0,0.0,0.30633407831192017
0.0,0.0,0.3384171426296234
0.0,0.0,0.381265789270401
0.0,0.0,0.3876650333404541
0.0,0.0,0.26945191621780396
1.821831989445342e-231,1.0,1.000000238418579
1.821831989445342e-231,1.0,1.000000238418579
1.821831989445342e-231,1.0,1.0000001192092896
0.0,0.0,0.2521935999393463
0.0,0.0,0.20083260536193848
0.0,0.0,0.1979660987854004
0.0,0.0,0.36345094442367554
0.0,0.0,0.6434909701347351
0.0,0.0,0.35367295145988464
0.0,0.0,0.3098371922969818
0.0,0.0,0.3113568425178528
0.0,0.0,0.40754035115242004
0.0,0.0,0.26490288972854614
0.0,0.0,0.3492380976676941
0.0,0.0,0.434529185295105
0.0,0.0,0.4545019865036011
0.0,0.0,0.536439061164856
0.0,0.0,0.5127074122428894
0.0,0.0,0.4462874233722687
0.0,0.0,0.40671640634536743
0.0,0.0,0.34319403767585754
0.0,0.0,0.12788408994674683
0.0,0.0,0.14986395835876465
0.0,0.0,0.16659216582775116
0.0,0.0,0.5417100191116333
0.0,0.0,0.09065373241901398
0.0,0.0,0.11176472902297974
1.5319719891192393e-231,0.5,0.6537063121795654
0.0,0.0,0.28669145703315735
1.5319719891192393e-231,0.5,0.5290735363960266
0.0,0.0,0.085953488945961
0.0,0.0,0.28399601578712463
0.0,0.0,0.02003858983516693
0.0,0.0,0.46097010374069214
0.0,0.0,0.25217944383621216
0.0,0.0,0.2510567009449005
0.0,0.0,0.20926015079021454
0.0,0.0,0.29267576336860657
0.0,0.0,-0.055286210030317307
0.0,0.0,0.433010995388031
0.0,0.0,0.3471226692199707
0.0,0.0,0.2108622044324875
0.0,0.0,0.2597551941871643
0.0,0.0,0.5224449634552002
0.0,0.0,0.38622549176216125
0.0,0.0,0.12865740060806274
0.0,0.5,0.45915716886520386
0.0,0.0,0.33699831366539
0.0,0.0,0.3117320239543915
0.0,0.0,0.4358392357826233
0.0,0.0,0.31217166781425476
6.702145341854094e-232,0.6666666666666666,0.785969614982605
0.0,0.0,0.4340517818927765
0.0,0.0,0.19642096757888794
1.821831989445342e-231,1.0,0.9999997615814209
1.821831989445342e-231,1.0,1.0
0.0,0.0,0.6181897521018982
0.0,0.0,0.1856337934732437
0.0,0.0,0.3916061520576477
0.0,0.0,0.36939409375190735
0.0,0.0,0.25085410475730896
0.0,0.0,0.040679581463336945
0.0,0.0,0.248374342918396
0.0,0.0,0.5605833530426025
0.0,0.0,0.3865845799446106
0.0,0.0,0.3129843473434448
0.0,0.0,0.3070007562637329
0.0,0.0,0.5089350938796997
0.0,0.0,0.43660759925842285
0.0,0.0,0.20551320910453796
0.0,0.0,0.22894608974456787
0.0,0.0,0.2490278035402298
0.0,0.0,0.3510497212409973
0.0,0.0,0.3155454993247986
0.0,0.0,0.48463016748428345
0.0,0.0,0.2341817021369934
0.0,0.0,0.15396317839622498
0.0,0.0,0.25700482726097107
0.0,0.0,0.8061561584472656
1.821831989445342e-231,1.0,1.000000238418579
0.0,0.0,0.6475730538368225
0.0,0.0,0.3508510887622833
0.0,0.0,0.35292503237724304
0.0,0.0,0.27132073044776917
0.0,0.0,0.08339300751686096
0.0,0.0,0.29749566316604614
0.0,0.0,0.05117633566260338
0.0,0.0,0.48372969031333923
1.821831989445342e-231,1.0,0.9999998807907104
0.0,0.0,0.48372969031333923
0.0,0.0,0.5028759241104126
0.0,0.0,0.3537457585334778
0.0,0.0,0.14836454391479492
0.0,0.0,0.43062418699264526
0.0,0.0,0.2904766798019409
0.0,0.0,0.28810593485832214
0.0,0.0,0.17523139715194702
0.0,0.0,0.10574981570243835
0.0,0.0,0.46859291195869446
0.0,0.0,0.04341255873441696
0.0,0.0,0.0454438291490078
0.0,0.0,0.39093345403671265
0.0,0.0,0.18044357001781464
0.0,0.0,0.33687302470207214
0.0,0.0,0.3524969816207886
1.5319719891192393e-231,0.5,0.383794903755188
1.5319719891192393e-231,0.5,0.6357688307762146
1.5319719891192393e-231,0.5,0.28237801790237427
1.384292958842266e-231,0.4,0.672267496585846
0.0,0.0,0.44669729471206665
0.0,0.2,0.47656309604644775
0.0,0.0,0.4067560136318207
0.0,0.0,0.21024680137634277
0.0,0.0,0.4016965627670288
0.0,0.0,0.25867539644241333
0.0,0.0,0.3544609546661377
0.0,0.0,0.21996371448040009
0.0,0.0,0.13475924730300903
0.0,0.0,0.5379413962364197
0.0,0.0,0.23700350522994995
0.0,0.0,0.2213963121175766
1.821831989445342e-231,1.0,1.0
0.0,0.0,0.1800614893436432
0.0,0.0,0.37218156456947327
0.0,0.0,0.320858895778656
0.0,0.0,0.21659842133522034
0.0,0.0,0.7063802480697632
0.0,0.0,0.23004840314388275
0.0,0.0,0.3707790672779083
0.0,0.0,0.4819618761539459
1.5319719891192393e-231,0.5,0.5670709013938904
1.5319719891192393e-231,0.5,0.6429070234298706
0.0,0.0,0.392238050699234
0.0,0.0,0.2103452980518341
0.0,0.0,0.25356659293174744
1.5319719891192393e-231,0.5,0.7370032072067261
1.5319719891192393e-231,0.5,0.765533447265625
0.0,0.5,0.7342855930328369
0.0,0.0,0.20052115619182587
0.0,0.0,0.5235854983329773
0.0,0.0,0.1447736769914627
0.0,0.0,0.33678755164146423
0.0,0.0,0.2090657651424408
1.133422688662942e-154,0.6666666666666666,0.7056661248207092
0.0,0.0,0.49196481704711914
0.0,0.0,0.40867000818252563
0.0,0.0,0.44689369201660156
0.0,0.0,0.41035836935043335
0.0,0.0,0.458443284034729
0.0,0.0,0.3617183268070221
0.0,0.0,0.31716400384902954
0.0,0.0,0.36094412207603455
0.0,0.0,0.34624844789505005
0.0,0.0,0.30422818660736084
0.0,0.0,0.4113396406173706
0.0,0.0,0.17943501472473145
0.0,0.0,0.5378928184509277
0.0,0.0,0.25561243295669556
0.0,0.0,0.4320563077926636
1.821831989445342e-231,1.0,0.9999999403953552
1.821831989445342e-231,1.0,1.0
0.0,0.0,0.32159167528152466
6.702145341854094e-232,0.6666666666666666,0.9332605600357056
0.0,0.0,0.2172110378742218
0.0,0.0,0.5811710953712463
0.0,0.0,0.12230562418699265
0.0,0.0,0.22720181941986084
0.0,0.0,0.5065389275550842
0.0,0.0,0.15474951267242432
0.0,0.0,0.37191519141197205
0.0,0.0,0.44223564863204956
0.0,0.0,0.2988525331020355
0.0,0.0,0.20700615644454956
0.0,0.0,0.17577920854091644
1.821831989445342e-231,1.0,1.0000001192092896
1.821831989445342e-231,1.0,1.000000238418579
1.821831989445342e-231,1.0,1.0
0.0,0.0,0.16375020146369934
0.0,0.0,0.09713344275951385
0.0,0.0,0.04993356764316559
0.0,0.0,0.24590443074703217
0.0,0.0,0.1277942657470703
0.0,0.0,0.14798752963542938
0.0,0.0,0.517142653465271
0.0,0.0,0.2107694149017334
0.0,0.0,0.27456629276275635
0.0,0.0,0.19982296228408813
0.0,0.0,0.13402211666107178
0.0,0.0,0.34080907702445984
0.0,0.0,0.4768419563770294
0.0,0.0,0.44317877292633057
0.0,0.0,0.34437108039855957
0.0,0.0,0.0927584171295166
0.0,0.0,0.2388458251953125
0.0,0.0,0.03549390658736229
0.0,0.0,0.4060631990432739
0.0,0.0,0.5408627986907959
0.0,0.0,0.5127074122428894
0.0,0.0,0.509530246257782
0.0,0.0,0.49973100423812866
0.0,0.0,0.16120778024196625
0.0,0.0,0.06815692037343979
0.0,0.0,0.1332055628299713
0.0,0.0,0.11969687044620514
0.0,0.0,0.42294740676879883
0.0,0.0,0.4127049148082733
0.0,0.0,0.4708898961544037
0.0,0.0,0.5846985578536987
9.291879812217675e-232,0.4,0.5363365411758423
0.0,0.0,0.5054454207420349
0.0,0.4,0.502931535243988
0.0,0.0,0.36540183424949646
0.0,0.0,0.20177093148231506
0.0,0.0,0.13083544373512268
0.0,0.0,0.24552412331104279
0.0,0.0,0.12058094143867493
0.0,0.0,0.14762726426124573
0.0,0.0,0.3381638824939728
0.0,0.0,0.34043484926223755
0.0,0.0,0.28117871284484863
0.0,0.0,0.2868019640445709
0.0,0.0,0.35863539576530457
0.0,0.0,0.25790512561798096
0.0,0.0,0.20039613544940948
0.0,0.0,0.2251790314912796
0.0,0.0,0.19190667569637299
0.0,0.0,0.34763672947883606
0.0,0.0,0.40470045804977417
0.0,0.0,0.23302604258060455
0.0,0.0,0.13129082322120667
0.0,0.0,0.435200572013855
0.0,0.0,0.40133363008499146
0.0,0.0,0.31317928433418274
0.0,0.0,0.2619861960411072
0.0,0.0,0.18313200771808624
0.0,0.0,0.24515025317668915
0.0,0.0,0.21965689957141876
0.0,0.5,0.6188241839408875
0.0,0.0,0.36131569743156433
0.0,0.0,0.35322025418281555
0.0,0.0,0.30137813091278076
0.0,0.0,0.3674166798591614
0.0,0.0,0.3752236068248749
0.0,0.0,0.20834067463874817
2.4655814830110698e-232,0.5,0.6518548130989075
2.4655814830110698e-232,0.5,0.7369747757911682
0.0,0.0,0.1502823382616043
0.0,0.0,0.06570994108915329
0.0,0.0,0.08842802047729492
0.0,0.0,0.2550533711910248
0.0,0.0,0.1733843833208084
0.0,0.0,0.3948631286621094
9.047424648113057e-155,0.8,0.8646466135978699
9.291879812217675e-232,0.4,0.6404703855514526
1.133422688662942e-154,0.6666666666666666,0.7395721673965454
0.0,0.0,0.16028544306755066
0.0,0.0,0.3796698749065399
0.0,0.0,0.41949185729026794
1.5319719891192393e-231,0.5,0.6606579422950745
1.5319719891192393e-231,0.5,0.5982455015182495
1.5319719891192393e-231,0.5,0.7469609379768372
1.5319719891192393e-231,0.5,0.44397440552711487
1.5319719891192393e-231,0.5,0.6282029747962952
1.2882297539194154e-231,0.3333333333333333,0.4074288010597229
0.0,0.0,0.23788854479789734
0.0,0.0,0.2846856415271759
0.0,0.0,0.22497868537902832
0.0,0.0,0.2503952383995056
0.0,0.0,0.30922746658325195
0.0,0.0,0.22952969372272491
0.0,0.0,0.37524375319480896
0.0,0.0,0.22779297828674316
0.0,0.0,0.17537233233451843
0.0,0.0,0.3344026207923889
0.0,0.0,0.37340226769447327
0.0,0.0,0.1685936152935028
0.0,0.0,0.3789721131324768
0.0,0.0,0.36022984981536865
0.0,0.0,0.31675076484680176
1.821831989445342e-231,1.0,0.9999998807907104
0.0,0.0,0.5232237577438354
1.821831989445342e-231,1.0,0.9999998807907104
0.0,0.0,0.2131013125181198
0.0,0.0,0.4537447392940521
0.0,0.0,0.33624914288520813
0.0,0.0,0.3675857484340668
0.0,0.0,0.41348347067832947
6.702145341854094e-232,0.6666666666666666,0.8894063234329224
0.0,1.0,0.8572084307670593
0.0,0.0,0.4035628139972687
0.0,0.0,0.2663780748844147
0.0,0.0,0.23836073279380798
0.0,0.0,0.321864515542984
0.0,0.0,0.23787865042686462
0.0,0.0,0.08775695413351059
0.0,0.0,0.31242692470550537
0.0,0.0,0.29197072982788086
0.0,0.0,0.3684901297092438
0.0,0.0,0.27743566036224365
0.0,0.0,0.22857144474983215
0.0,0.0,0.36217421293258667
0.0,0.0,0.2835356593132019
0.0,0.0,0.29977715015411377
0.0,0.0,0.26420721411705017
0.0,0.0,0.2207537293434143
0.0,0.0,0.13701102137565613
0.0,0.0,0.37196794152259827
0.0,0.0,0.30254441499710083
0.0,0.0,0.33611956238746643
0.0,0.0,0.35753563046455383
0.0,0.5,0.5245527029037476
0.0,0.3333333333333333,0.5823023915290833
0.0,0.0,0.18263693153858185
0.0,0.0,0.3182244896888733
0.0,0.0,0.35541707277297974
0.0,0.0,0.48185986280441284
0.0,0.0,0.6660755276679993
0.0,0.0,0.5222263932228088
0.0,0.0,0.43896400928497314
0.0,0.0,0.36552026867866516
0.0,0.0,0.38942790031433105
0.0,0.0,0.20190732181072235
0.0,0.0,0.03687474504113197
0.0,0.0,0.29902997612953186
1.5319719891192393e-231,0.5,0.5797318816184998
1.5319719891192393e-231,0.5,0.7553024888038635
1.5319719891192393e-231,0.5,0.739107072353363
0.0,0.0,0.2625495493412018
1.5319719891192393e-231,0.5,0.4782041609287262
0.0,0.0,0.17628568410873413
1.5319719891192393e-231,0.5,0.6037555932998657
0.0,0.0,0.4834194779396057
0.0,0.0,0.28438636660575867
1.5319719891192393e-231,0.5,0.629136323928833
1.5319719891192393e-231,0.5,0.5009915232658386
1.5319719891192393e-231,0.5,0.5414113998413086
1.133422688662942e-154,0.6666666666666666,0.8945721983909607
1.646211035903463e-231,0.3333333333333333,0.8475278615951538
1.384292958842266e-231,0.3333333333333333,0.8753178119659424
0.0,0.0,0.20019404590129852
0.0,0.0,0.27966445684432983
0.0,0.0,0.07451348006725311
0.0,0.0,0.16323982179164886
0.0,0.0,0.2387065440416336
0.0,0.0,0.06935223191976547
0.0,0.0,0.13789181411266327
0.0,0.0,0.21154974400997162
0.0,0.0,0.27527135610580444
0.0,0.0,0.6598358750343323
0.0,0.0,0.27144673466682434
0.0,0.0,0.2064647078514099
0.0,0.0,0.09644942730665207
0.0,0.0,0.05790182948112488
0.0,0.0,0.11993347853422165
0.0,0.0,0.33841410279273987
0.0,0.0,0.30824223160743713
1.821831989445342e-231,1.0,0.9999999403953552
0.0,0.0,0.32663214206695557
0.0,0.0,0.19648747146129608
0.0,0.0,0.3392547070980072
0.0,0.0,0.36516833305358887
0.0,0.0,0.15355272591114044
0.0,0.0,0.2935534119606018
1.821831989445342e-231,1.0,1.0000001192092896
0.0,0.0,0.2502420246601105
0.0,0.0,0.22586826980113983
0.0,0.0,0.261785089969635
0.0,0.0,0.3420328199863434
0.0,0.0,0.2716682255268097
0.0,0.0,0.4608372747898102
0.0,0.0,0.21886801719665527
0.0,0.0,0.27914077043533325
0.0,0.0,0.12613838911056519
0.0,0.0,0.11936381459236145
0.0,0.0,0.49882715940475464
0.0,0.0,0.32888126373291016
0.0,0.0,0.3613956570625305
0.0,0.0,0.17351137101650238
0.0,0.0,0.498627245426178
0.0,0.0,0.1400337815284729
0.0,0.0,0.18895135819911957
0.0,0.0,0.10187219828367233
0.0,0.0,0.25945723056793213
0.0,0.0,0.12505441904067993
0.0,0.0,0.2589031755924225
0.0,0.0,0.40939539670944214
0.0,0.0,0.16891247034072876
0.0,0.0,0.14418275654315948
0.0,0.0,0.42445167899131775
0.0,0.0,0.24692992866039276
0.0,0.0,0.2194644659757614
0.0,0.0,0.3929016888141632
0.0,0.0,0.2328244149684906
0.0,0.0,0.16277725994586945
0.0,0.0,0.14311690628528595
0.0,0.0,0.7879477739334106
1.5319719891192393e-231,0.5,0.3597530126571655
1.5319719891192393e-231,0.5,0.2849237322807312
1.5319719891192393e-231,0.5,0.3185013234615326
0.0,0.0,0.5633187890052795
0.0,0.0,0.4013177454471588
0.0,0.0,0.3720240592956543
0.0,0.0,0.3121378719806671
0.0,0.0,0.29944148659706116
0.0,0.0,0.2393261343240738
1.821831989445342e-231,1.0,1.0000001192092896
0.0,0.0,0.39289045333862305
0.0,0.0,0.35651883482933044
0.0,0.0,0.46270838379859924
0.0,0.0,0.25808313488960266
0.0,0.0,0.5160083770751953
0.0,0.0,0.22836457192897797
0.0,0.0,0.2825380861759186
0.0,0.0,0.367878794670105
0.0,0.0,0.5046355128288269
0.0,0.0,0.5127074122428894
0.0,0.0,0.5284135937690735
0.0,0.0,0.510177731513977
0.0,0.0,0.3484099507331848
0.0,0.0,0.1922331154346466
0.0,0.0,0.43234434723854065
0.0,0.0,0.33051058650016785
0.0,0.0,0.42077118158340454
0.0,0.0,0.2841360569000244
0.0,0.0,0.31780871748924255
0.0,0.0,0.21227699518203735
0.0,0.0,0.12108968198299408
0.0,0.0,0.29408034682273865
0.0,0.0,0.10291630774736404
0.0,0.0,0.36784884333610535
0.0,0.0,0.43041765689849854
0.0,0.0,0.23559847474098206
0.0,0.0,0.23496013879776
0.0,0.0,0.26668038964271545
0.0,0.0,0.30424442887306213
0.0,0.0,0.636479377746582
0.0,0.0,0.23819823563098907
0.0,0.0,0.45325538516044617
1.384292958842266e-231,0.3333333333333333,0.3147020637989044
0.0,0.0,0.06131374090909958
1.2882297539194154e-231,0.28571428571428575,0.5930771231651306
0.0,0.0,0.2145223617553711
0.0,0.0,0.4975476861000061
0.0,0.0,0.18818822503089905
0.0,0.0,0.39441847801208496
0.0,0.0,0.5242002010345459
0.0,0.0,0.5297299027442932
0.0,0.0,0.35053321719169617
0.0,0.0,0.2212192714214325
0.0,0.0,0.19330662488937378
0.0,0.0,0.34647712111473083
0.0,0.0,0.25690290331840515
0.0,0.0,0.25937825441360474
0.0,0.0,0.525858461856842
0.0,0.0,0.7387315630912781
1.821831989445342e-231,1.0,1.000000238418579
0.0,0.0,0.5982353091239929
0.0,0.0,0.4642132520675659
0.0,0.0,0.49182793498039246
1.5319719891192393e-231,0.5,0.6924563050270081
1.5319719891192393e-231,0.5,0.5685316324234009
1.5319719891192393e-231,0.5,0.6300138235092163
0.0,0.0,0.33745405077934265
0.0,0.0,0.2208716720342636
0.0,0.0,0.2863188087940216
0.0,0.0,0.2835427522659302
0.0,0.0,0.1940264254808426
0.0,0.0,0.1632995456457138
0.0,0.0,0.6943855285644531
0.0,0.0,0.8294739723205566
0.0,0.0,0.6981706023216248
0.0,0.0,0.2936490774154663
0.0,0.0,0.28711190819740295
0.0,0.0,0.19036592543125153
1.133422688662942e-154,0.6666666666666666,0.8142596483230591
1.133422688662942e-154,0.6666666666666666,0.772006630897522
1.384292958842266e-231,0.3333333333333333,0.21611297130584717
0.0,0.0,0.19561171531677246
0.0,0.0,0.2428688257932663
0.0,0.0,0.07557015120983124
0.0,0.0,0.22511640191078186
0.0,0.0,0.27774131298065186
0.0,0.0,0.27495089173316956
0.0,0.0,0.3752236068248749
0.0,0.0,0.4283379912376404
0.0,0.0,0.38165417313575745
1.5319719891192393e-231,0.5,0.805027186870575
0.0,0.0,0.2651117444038391
1.2882297539194154e-231,0.3333333333333333,0.5624279975891113
1.5319719891192393e-231,0.5,0.5710572004318237
6.702145341854094e-232,0.6666666666666666,0.7541825771331787
1.5319719891192393e-231,0.5,0.5496782064437866
0.0,0.0,0.28506672382354736
0.0,0.0,0.07710221409797668
0.0,0.0,0.3876655101776123
1.5319719891192393e-231,0.5,0.4793682098388672
1.5319719891192393e-231,0.5,0.6880279779434204
1.5319719891192393e-231,0.5,0.41874808073043823
0.0,0.0,0.5044302344322205
0.0,0.0,0.14226891100406647
0.0,0.0,0.3864125609397888
1.5319719891192393e-231,0.5,0.8116253614425659
0.0,0.0,0.393966943025589
0.0,0.0,0.25440263748168945
0.0,0.0,0.26293379068374634
0.0,0.0,0.273802787065506
0.0,0.0,0.13182777166366577
6.702145341854094e-232,0.6666666666666666,0.642179548740387
6.702145341854094e-232,0.6666666666666666,0.713286280632019
6.702145341854094e-232,0.6666666666666666,0.7500264644622803
0.0,0.0,0.2538830041885376
0.0,0.0,0.27234354615211487
0.0,0.0,0.2330634742975235
0.0,0.0,0.1647704541683197
0.0,0.0,0.46914535760879517
0.0,0.0,0.46781185269355774
0.0,0.0,0.20080119371414185
0.0,0.0,0.19831174612045288
0.0,0.0,0.39843443036079407
0.0,0.0,0.6289806365966797
0.0,0.0,0.6387345194816589
0.0,0.0,0.5545767545700073
0.0,0.0,0.19604948163032532
0.0,0.0,0.1994701474905014
0.0,0.0,0.6325554847717285
0.0,0.0,0.5943324565887451
0.0,0.0,0.26526227593421936
0.0,0.0,0.3800249993801117
0.0,0.0,0.2540837228298187
0.0,0.0,0.3156100809574127
0.0,0.0,0.3802875578403473
0.0,0.0,0.3744927942752838
0.0,0.0,0.15207722783088684
0.0,0.0,0.2384338676929474
6.702145341854094e-232,0.6666666666666666,0.6916458010673523
0.0,0.0,0.2114236056804657
0.0,0.0,0.19341282546520233
0.0,0.0,0.25096020102500916
0.0,0.0,0.13107241690158844
0.0,0.0,0.2617964744567871
0.0,0.0,0.24586492776870728
0.0,0.0,0.17410926520824432
0.0,0.0,0.6584939956665039
0.0,0.0,0.24529999494552612
0.0,0.0,0.12128542363643646
0.0,0.0,0.21443304419517517
0.0,0.0,0.44255560636520386
0.0,0.0,0.38707390427589417
0.0,1.0,0.8868284225463867
0.0,0.0,0.14883089065551758
0.0,0.0,0.21730050444602966
0.0,0.0,0.22293806076049805
0.0,0.0,0.8054156303405762
1.821831989445342e-231,1.0,1.0000001192092896
1.821831989445342e-231,1.0,1.0000001192092896
0.0,0.0,0.30611327290534973
0.0,0.0,0.4308430254459381
0.0,0.0,0.15935052931308746
0.0,0.0,0.15332990884780884
0.0,0.0,0.34311312437057495
0.0,0.0,0.19564507901668549
0.0,0.0,0.2524912655353546
0.0,0.0,0.3902491629123688
0.0,0.0,0.31265193223953247
0.0,0.0,0.12713544070720673
0.0,0.0,0.17657840251922607
0.0,0.0,0.2857652008533478
0.0,0.0,0.08583149313926697
0.0,0.0,0.2621895372867584
0.0,0.0,0.30510413646698
0.0,0.0,0.5989307165145874
1.821831989445342e-231,1.0,1.0
0.0,0.0,0.42546701431274414
0.0,0.0,0.2927594482898712
0.0,0.0,0.15054596960544586
0.0,0.0,0.18708190321922302
0.0,0.0,0.305164635181427
0.0,0.0,0.4841415584087372
0.0,0.0,0.18437671661376953
0.0,0.0,0.12924478948116302
0.0,0.0,0.30489668250083923
0.0,0.0,0.24347354471683502
0.0,0.0,0.1136251911520958
0.0,0.0,0.14492282271385193
0.0,0.0,0.25298216938972473
0.0,0.0,0.41216742992401123
0.0,0.0,0.2462112456560135
0.0,0.0,0.26369866728782654
0.0,0.0,0.3870255947113037
0.0,0.0,0.16191503405570984
0.0,0.0,0.30984440445899963
0.0,0.0,0.4410693347454071
0.0,0.0,0.3025195896625519
0.0,0.0,0.3359990417957306
0.0,0.0,0.39441847801208496
0.0,0.0,0.4960705637931824
0.0,0.0,0.4060631990432739
0.0,0.0,0.3139975070953369
0.0,0.0,0.34700238704681396
0.0,0.0,0.5505368113517761
0.0,0.0,0.35196778178215027
0.0,0.0,0.416739821434021
0.0,0.0,0.30752527713775635
0.0,0.0,0.1321171522140503
0.0,0.0,0.22027653455734253
0.0,0.0,0.1611093431711197
0.0,0.0,0.5367036461830139
0.0,0.0,0.4281308948993683
0.0,0.0,0.4788772165775299
0.0,0.0,0.36996352672576904
1.821831989445342e-231,1.0,1.0
0.0,0.0,0.5012069344520569
0.0,0.0,0.25186535716056824
0.0,0.0,0.25718510150909424
1.821831989445342e-231,1.0,1.0000001192092896
0.0,0.0,0.21882756054401398
0.0,0.0,0.5072715878486633
0.0,0.0,0.3753727674484253
1.4488496539373276e-231,0.4444444444444445,0.5767356753349304
1.4488496539373276e-231,0.4444444444444445,0.584064245223999
1.2183324802375697e-231,0.22222222222222224,0.3839986324310303
0.0,0.0,0.16821177303791046
0.0,0.0,0.24210543930530548
0.0,0.0,0.20179584622383118
0.0,0.0,0.16698230803012848
0.0,0.0,0.10964921116828918
0.0,0.0,0.16760872304439545
0.0,0.0,0.2889223098754883
0.0,0.0,0.25944432616233826
0.0,0.0,0.29068610072135925
0.0,0.0,0.34889012575149536
0.0,0.0,0.3533408045768738
0.0,0.0,0.22337719798088074
0.0,0.0,0.35174131393432617
0.0,0.0,0.2429530918598175
0.0,0.0,0.42155522108078003
2.4655814830110698e-232,0.5,0.5475122332572937
0.0,0.0,0.2868521809577942
1.646211035903463e-231,0.3333333333333333,0.3356255888938904
1.5319719891192393e-231,0.5,0.732096254825592
1.5319719891192393e-231,0.5,0.8823214769363403
1.5319719891192393e-231,0.5,0.6771630644798279
0.0,0.0,0.6457423567771912
0.0,0.0,0.4841375946998596
0.0,0.0,0.585058867931366
0.0,0.0,0.280142217874527
0.0,0.0,0.1462184339761734
0.0,0.0,0.3330385088920593
0.0,0.0,0.17454226315021515
0.0,0.0,0.6090348958969116
0.0,0.0,0.2760429084300995
1.5319719891192393e-231,0.5,0.4781399965286255
0.0,0.0,0.3972077965736389
0.0,0.0,0.2638987600803375
0.0,0.0,0.27674758434295654
0.0,0.0,0.282304584980011
0.0,0.0,0.2538035213947296
1.5319719891192393e-231,0.5,0.4949999749660492
0.0,0.0,0.30886974930763245
1.384292958842266e-231,0.4,0.41934841871261597
0.0,0.0,0.24820561707019806
0.0,0.0,0.2642582058906555
0.0,0.0,0.3433501124382019
1.2882297539194154e-231,0.3333333333333333,0.4069161117076874
9.53091075863908e-155,0.5714285714285715,0.5817462801933289
1.2882297539194154e-231,0.28571428571428575,0.4196721911430359
0.0,0.0,0.2025437206029892
0.0,0.0,0.1278492957353592
0.0,0.0,0.09860792011022568
0.0,0.0,0.40133363008499146
0.0,0.0,0.4391208589076996
0.0,0.0,0.22901681065559387
1.384292958842266e-231,0.4,0.34843388199806213
1.384292958842266e-231,0.4,0.31593018770217896
1.384292958842266e-231,0.4,0.5455231070518494
0.0,0.0,0.409061461687088
0.0,0.0,0.3197067975997925
6.702145341854094e-232,0.6666666666666666,0.7420526742935181
0.0,0.0,0.18129651248455048
0.0,0.0,0.27724286913871765
0.0,0.0,0.14968882501125336
0.0,0.0,0.4048938453197479
0.0,0.0,0.12901358306407928
0.0,0.0,0.5850058197975159
0.0,0.0,0.2152867317199707
0.0,0.0,0.2043030560016632
0.0,0.0,0.34334829449653625
0.0,0.0,0.27333733439445496
0.0,0.0,0.17648832499980927
0.0,0.0,0.27712997794151306
0.0,0.0,0.24610301852226257
0.0,0.0,0.1646920144557953
0.0,0.0,0.23552581667900085
0.0,0.0,0.18036332726478577
0.0,0.0,0.2344570755958557
0.0,0.0,0.22675152122974396
0.0,0.0,0.3263334631919861
0.0,0.0,0.3675448000431061
0.0,0.0,0.3196430206298828
